\P\	Pos	EmployeeID\
T	5	5
N	0	0
#		
V	328	258
V	437	254
V	549	257
V	662	261
V	774	251
V	890	253
V	1008	255
V	1126	256
V	1238	259
V	1351	250
V	1468	258
V	1582	254
V	1701	257
V	1818	261
V	1930	251
V	2041	253
V	2154	255
V	2273	256
V	2392	259
V	2511	260
V	2622	250
V	2736	254
V	2855	257
V	2974	261
V	3088	251
V	3203	253
V	3313	255
V	3425	256
V	3544	259
V	3656	260
V	3765	258
V	3878	254
V	3996	257
V	4109	261
V	4224	251
V	4339	253
V	4459	255
V	4571	256
V	4690	252
V	4805	260
V	4922	258
V	5041	254
V	5160	257
V	5274	261
V	5386	250
V	5505	253
V	5620	255
V	5740	256
V	5859	259
V	5975	260
V	6088	258
V	6198	254
V	6309	252
V	6422	261
V	6541	251
V	6652	253
V	6765	255
V	6876	256
V	6989	259
V	7098	260
V	7217	258
V	7329	254
V	7447	257
V	7560	261
V	7671	251
V	7786	253
V	7899	255
V	8014	256
V	8128	259
V	8248	260
V	8350	258
V	8467	254
V	8586	257
V	8699	261
V	8818	251
V	8937	253
V	9056	252
V	9175	256
V	9289	259
V	9401	260
V	9514	258
V	9627	254
V	9741	257
V	9854	261
V	9971	251
V	10090	253
V	10209	255
V	10321	252
V	10434	259
V	10551	260
V	10664	258
V	10783	250
V	10895	257
V	11007	261
V	11118	251
V	11231	253
V	11350	255
V	11469	256
V	11588	259
V	11699	260
V	11814	258
V	11934	254
V	12054	257
V	12168	261
V	12284	251
V	12395	253
V	12508	255
V	12628	256
V	12743	259
V	12863	250
V	12977	258
V	13097	254
V	13211	257
V	13327	261
V	13443	251
V	13564	253
V	13677	255
V	13797	256
V	13913	259
V	14031	260
V	14151	250
V	14271	254
V	14381	257
V	14494	261
V	14614	251
V	14730	253
V	14851	255
V	14971	256
V	15088	259
V	15202	260
V	15313	258
V	15425	254
V	15539	257
V	15659	261
V	15771	251
V	15889	253
V	16001	255
V	16114	256
V	16224	252
V	16344	260
V	16457	258
V	16577	254
V	16690	257
V	16799	261
V	16915	250
V	17030	253
V	17146	255
V	17261	256
V	17382	259
V	17485	260
V	17603	258
V	17723	254
V	17837	252
V	17954	261
V	18073	251
V	18193	253
V	18313	255
V	18427	256
V	18540	259
V	18654	260
V	18767	258
V	18882	254
V	18996	257
V	19114	261
V	19234	251
V	19354	253
V	19467	255
V	19581	256
V	19699	259
V	19814	260
V	19934	258
V	20050	254
V	20163	257
V	20275	261
V	20389	251
V	20509	253
V	20629	252
V	20751	256
V	20863	259
V	20978	260
V	21098	258
V	21212	254
V	21327	257
V	21443	261
V	21554	251
V	21670	253
V	21790	255
V	21903	252
V	22023	259
V	22137	260
V	22258	258
V	22379	250
V	22495	257
V	22611	261
V	22729	251
V	22842	253
V	22962	255
V	23078	256
V	23196	259
V	23316	260
V	23436	258
V	23550	254
V	23663	257
V	23783	261
V	23899	251
V	24020	253
V	24139	255
V	24256	256
V	24371	259
V	24482	250
V	24594	258
V	24708	254
V	24828	257
V	24940	261
V	25054	251
V	25166	253
V	25281	255
V	25391	256
V	25511	259
V	25625	260
V	25746	250
V	25860	254
V	25974	257
V	26090	261
V	26203	251
V	26319	253
V	26434	255
V	26555	256
V	26658	259
V	26776	260
V	26896	258
V	27010	254
V	27130	257
V	27250	261
V	27370	251
V	27490	253
V	27604	255
V	27717	256
V	27831	252
V	27945	260
V	28060	258
V	28174	254
V	28292	257
V	28412	261
V	28531	250
V	28644	253
V	28759	255
V	28877	256
V	28991	259
V	29111	260
V	29229	258
V	29342	254
V	29454	252
V	29568	261
V	29688	251
V	29804	253
V	29925	255
V	30037	256
V	30152	259
V	30272	260
V	30392	258
V	30506	254
V	30622	257
V	30733	261
V	30846	251
V	30966	253
V	31080	255
V	31197	256
V	31311	259
V	31432	260
V	31552	258
V	31668	254
V	31784	257
V	31904	261
V	32017	251
V	32137	253
V	32253	252
V	32371	256
V	32491	259
V	32611	260
V	32725	258
V	32838	254
V	32958	257
V	33074	261
V	33194	251
V	33310	253
V	33427	255
V	33540	252
V	33651	259
V	33763	260
V	33877	258
V	33997	250
V	34109	257
V	34222	261
V	34334	251
V	34450	253
V	34560	255
V	34680	256
V	34795	259
V	34915	260
V	35028	258
V	35142	254
V	35258	257
V	35372	261
V	35492	251
V	35607	253
V	35728	255
V	35831	256
V	35949	259
V	36069	250
V	36183	258
V	36300	254
V	36419	257
V	36539	261
V	36659	251
V	36771	253
V	36884	255
V	36998	256
V	37112	259
V	37227	260
V	37341	250
V	37459	254
V	37579	257
V	37699	261
V	37812	251
V	37928	253
V	38046	255
V	38158	256
V	38278	259
V	38396	260
V	38509	258
V	38621	254
V	38735	257
V	38855	261
V	38970	251
V	39094	253
V	39206	255
V	39321	256
V	39441	252
V	39561	260
V	39671	258
V	39787	254
V	39898	257
V	40011	261
V	40131	250
V	40244	253
V	40364	255
V	40478	256
V	40599	259
V	40712	260
V	40828	258
V	40944	254
V	41062	252
V	41175	261
V	41295	251
V	41411	253
V	41529	255
V	41649	256
V	41769	259
V	41881	260
V	41994	258
V	42114	254
V	42230	257
V	42349	261
V	42466	251
V	42583	253
V	42698	255
V	42809	256
V	42921	259
V	43035	260
V	43155	258
V	43267	254
V	43380	257
V	43492	261
V	43605	251
V	43715	253
V	43835	252
V	43949	256
V	44068	259
V	44183	260
V	44291	258
V	44407	254
V	44521	257
V	44641	261
V	44756	251
V	44877	253
V	44980	255
V	45098	252
V	45218	259
V	45332	260
V	45449	258
V	45569	250
V	45689	257
V	45809	261
V	45919	251
V	46032	253
V	46146	255
V	46258	256
V	46373	259
V	46487	260
V	46605	258
V	46725	254
V	46844	257
V	46958	261
V	47068	251
V	47186	253
V	47297	255
V	47417	256
V	47535	259
V	47648	250
V	47760	258
V	47874	254
V	47994	257
V	48112	261
V	48230	251
V	48342	253
V	48457	259
V	48575	260
V	48695	258
V	48809	250
V	48925	257
V	49045	261
V	49165	251
V	49285	253
V	49398	255
V	49511	256
V	49625	259
V	49736	260
V	49851	258
V	49965	254
V	50083	257
V	50203	261
V	50323	251
V	50436	253
V	50549	255
V	50667	256
V	50782	259
V	50902	250
V	51020	258
V	51133	254
V	51245	257
V	51359	261
V	51479	251
V	51597	253
V	51715	255
V	51827	256
V	51942	259
V	52062	260
V	52182	250
V	52292	254
V	52408	257
V	52519	261
V	52633	251
V	52753	253
V	52867	255
V	52985	256
V	53099	259
V	53220	260
V	53342	258
V	53458	254
V	53574	257
V	53694	261
V	53807	251
V	53927	253
V	54043	255
V	54161	256
V	54281	252
V	54401	260
V	54516	258
V	54629	254
V	54749	257
V	54865	261
V	54985	250
V	55102	253
V	55219	255
V	55335	256
V	55446	259
V	55558	260
V	55672	258
V	55792	254
V	55904	252
V	56019	261
V	56131	251
V	56244	253
V	56354	255
V	56474	256
V	56587	259
V	56706	260
V	56820	258
V	56934	254
V	57050	257
V	57164	261
V	57284	251
V	57399	253
V	57520	255
V	57623	256
V	57741	259
V	57861	260
V	57975	258
V	58096	254
V	58216	257
V	58336	261
V	58456	251
V	58571	253
V	58684	252
V	58798	256
V	58913	259
V	59028	260
V	59142	258
V	59260	254
V	59380	257
V	59500	261
V	59614	251
V	59729	253
V	59841	255
V	59958	252
V	60078	259
V	60196	260
V	60309	258
V	60421	250
V	60535	257
V	60655	261
V	60771	251
V	60892	253
V	61004	255
V	61119	256
V	61239	259
V	61359	260
V	61469	258
V	61585	254
V	61696	257
V	61810	261
V	61930	251
V	62043	253
V	62158	255
V	62272	256
V	62393	255
V	62513	256
V	62633	259
V	62743	260
V	62859	259
V	62973	250
V	63089	258
V	63205	254
V	63323	257
V	63436	261
V	63556	251
V	63672	253
V	63790	255
V	63910	256
V	64030	259
V	64144	260
V	64257	250
V	64377	254
V	64493	257
V	64612	261
V	64731	251
V	64848	253
V	64962	255
V	65073	256
V	65185	259
V	65299	260
V	65419	258
V	65531	254
V	65645	257
V	65757	261
V	65870	251
V	65980	253
V	66100	255
V	66214	256
V	66335	252
V	66449	260
V	66561	258
V	66677	254
V	66790	257
V	66910	261
V	67025	250
V	67146	253
V	67249	255
V	67367	256
V	67487	259
V	67601	260
V	67721	258
V	67841	254
V	67961	252
V	68081	261
V	68196	251
V	68309	253
V	68423	255
V	68537	256
V	68652	259
V	68766	260
V	68884	258
V	69004	254
V	69123	257
V	69238	261
V	69353	251
V	69469	253
V	69583	255
V	69703	256
V	69821	259
V	69934	260
V	70046	258
V	70160	254
V	70280	257
V	70400	261
V	70519	251
V	70631	253
V	70746	250
V	70857	254
V	70970	257
V	71090	261
V	71203	252
V	71323	256
V	71443	259
V	71553	260
V	71669	258
V	71780	254
V	71894	257
V	72014	261
V	72128	251
V	72243	253
V	72357	255
V	72478	252
V	72592	259
V	72708	260
V	72824	258
V	72944	250
V	73057	257
V	73177	261
V	73293	251
V	73411	253
V	73531	255
V	73651	256
V	73761	259
V	73874	260
V	73994	251
V	74113	253
V	74227	255
V	74348	256
V	74470	258
V	74586	254
V	74706	257
V	74822	261
V	74939	251
V	75057	253
V	75168	255
V	75280	256
V	75394	259
V	75514	250
V	75626	258
V	75741	254
V	75853	257
V	75964	261
V	76074	251
V	76194	253
V	76308	255
V	76428	256
V	76542	259
V	76655	260
V	76771	250
V	76884	254
V	77004	257
V	77119	261
V	77240	251
V	77343	253
V	77461	255
V	77581	256
V	77695	259
V	77812	260
V	77932	258
V	78052	254
V	78172	257
V	78286	261
V	78399	251
V	78513	253
V	78627	255
V	78742	256
V	78856	252
V	78974	260
V	79094	258
V	79214	254
V	79327	257
V	79441	261
V	79553	250
V	79670	253
V	79790	255
V	79908	256
V	80021	259
V	80133	260
V	80247	258
V	80367	254
V	80482	252
V	80603	261
V	80715	251
V	80830	253
V	80950	255
V	81064	256
V	81174	259
V	81290	260
V	81401	258
V	81513	254
V	81633	257
V	81746	261
V	81865	251
V	81979	253
V	82100	255
V	82220	256
V	82336	259
V	82452	260
V	82573	258
V	82686	254
V	82806	257
V	82922	261
V	83040	251
V	83160	253
V	83280	252
V	83393	256
V	83506	259
V	83626	260
V	83742	258
V	83861	254
V	83978	257
V	84095	261
V	84208	251
V	84319	253
V	84431	255
V	84545	252
V	84665	259
V	84777	260
V	84890	258
V	85002	250
V	85116	257
V	85226	261
V	85346	251
V	85457	253
V	85576	255
V	85690	256
V	85804	259
V	85920	260
V	86033	258
V	86153	254
V	86268	257
V	86389	261
V	86492	251
V	86610	253
V	86730	255
V	86844	256
V	86965	259
V	87085	250
V	87205	258
V	87325	254
V	87438	259
V	87554	260
V	87670	258
V	87791	254
V	87904	257
V	88017	261
V	88131	251
V	88245	253
V	88360	255
V	88474	256
V	88592	259
V	88712	260
V	88831	250
V	88948	254
V	89061	257
V	89177	261
V	89291	251
V	89411	253
V	89529	255
V	89642	256
V	89754	259
V	89868	260
V	89988	258
V	90106	254
V	90222	257
V	90334	261
V	90449	251
V	90569	253
V	90689	255
V	90799	256
V	90915	252
V	91026	260
V	91139	258
V	91259	254
V	91372	257
V	91483	261
V	91597	250
V	91718	253
V	91832	255
V	91948	256
V	92064	259
V	92185	260
V	92298	258
V	92418	254
V	92534	252
V	92652	261
V	92772	251
V	92892	253
V	93007	255
V	93120	256
V	93240	259
V	93356	260
V	93476	258
V	93593	254
V	93710	257
V	93822	261
V	93933	251
V	94045	253
V	94159	255
V	94279	256
V	94391	259
V	94504	260
V	94616	258
V	94732	254
V	94842	257
V	94962	261
V	95077	251
V	95196	253
V	95310	252
V	95425	256
V	95541	259
V	95655	260
V	95775	258
V	95890	254
V	96011	257
V	96114	261
V	96232	251
V	96352	253
V	96466	255
V	96587	252
V	96706	259
V	96826	260
V	96946	258
V	97064	250
V	97177	257
V	97297	261
V	97413	251
V	97531	253
V	97651	257
V	97765	261
V	97879	251
V	97994	253
V	98108	255
V	98226	256
V	98346	259
V	98466	260
V	98580	258
V	98695	254
V	98813	257
V	98928	261
V	99048	251
V	99166	253
V	99279	255
V	99391	256
V	99505	259
V	99625	250
V	99745	258
V	99864	254
V	99976	257
V	100091	261
V	100211	251
V	100331	253
V	100446	255
V	100562	256
V	100673	259
V	100786	260
V	100906	250
V	101021	254
V	101139	257
V	101253	261
V	101372	251
V	101486	253
V	101602	255
V	101718	256
V	101839	259
V	101952	260
V	102072	258
V	102188	254
V	102306	257
V	102426	261
V	102546	251
V	102661	253
V	102774	255
V	102894	256
V	103010	252
V	103129	260
V	103249	258
V	103366	254
V	103479	257
V	103590	261
V	103702	250
V	103816	253
V	103936	255
V	104048	256
V	104163	259
V	104275	260
V	104389	258
V	104499	254
V	104619	252
V	104733	261
V	104852	251
V	104966	253
V	105080	255
V	105200	256
V	105315	252
V	105428	260
V	105548	255
V	105664	256
V	105778	259
V	105898	260
V	106013	258
V	106134	254
V	106237	257
V	106355	261
V	106475	251
V	106589	253
V	106710	255
V	106830	256
V	106950	259
V	107070	260
V	107180	258
V	107293	254
V	107407	257
V	107525	261
V	107640	251
V	107754	253
V	107872	252
V	107992	256
V	108112	259
V	108225	260
V	108338	258
V	108456	254
V	108569	257
V	108689	261
V	108807	251
V	108920	253
V	109032	255
V	109146	252
V	109266	259
V	109386	260
V	109504	258
V	109616	250
V	109729	257
V	109849	261
V	109969	251
V	110083	253
V	110199	255
V	110310	256
V	110422	259
V	110542	260
V	110655	258
V	110772	254
V	110886	257
V	111006	261
V	111129	251
V	111245	253
V	111361	255
V	111482	256
V	111595	259
V	111715	250
V	111831	258
V	111949	254
V	112069	258
V	112185	254
V	112306	257
V	112426	261
V	112543	257
V	112663	261
V	112777	251
V	112890	253
V	113010	250
V	113123	253
V	113234	255
V	113346	256
V	113460	255
V	113576	256
V	113697	259
V	113817	260
V	113934	250
V	114048	254
V	114159	257
V	114271	261
V	114385	251
V	114505	253
V	114617	255
V	114732	256
V	114844	259
V	114957	260
V	115067	258
V	115187	254
V	115300	257
V	115420	261
V	115533	251
V	115641	253
V	115757	255
V	115870	256
V	115986	252
V	116101	260
V	116223	258
V	116327	254
V	116442	257
V	116563	261
V	116678	250
V	116800	253
V	116921	255
V	117042	256
V	117163	259
V	117278	260
V	117392	258
V	117507	254
V	117621	259
V	117742	260
V	117855	258
V	117972	254
V	118085	252
V	118199	261
V	118310	251
V	118431	253
V	118543	255
V	118663	256
V	118778	259
V	118887	260
V	119004	252
V	119120	261
V	119235	251
V	119354	253
V	119475	255
V	119596	256
V	119710	259
V	119826	260
V	119939	258
V	120054	254
V	120175	257
V	120294	261
V	120408	251
V	120521	253
V	120636	255
V	120757	256
V	120874	259
V	120995	260
V	121108	258
V	121222	254
V	121343	257
V	121464	261
V	121575	251
V	121692	253
V	121804	252
V	121918	256
V	122039	259
V	122153	260
V	122273	258
V	122388	254
V	122508	257
V	122632	261
V	122749	258
V	122863	254
V	122980	257
V	123096	261
V	123218	251
V	123322	253
V	123438	255
V	123559	256
V	123674	251
V	123791	253
V	123913	255
V	124027	252
V	124148	259
V	124265	260
V	124384	258
V	124505	250
V	124626	257
V	124742	261
V	124856	251
V	124977	253
V	125094	255
V	125216	256
V	125337	259
V	125455	260
V	125570	259
V	125692	260
V	125812	258
V	125933	254
V	126054	257
V	126172	261
V	126286	251
V	126401	253
V	126517	252
V	126633	256
V	126748	259
V	126867	260
V	126988	258
V	127109	254
V	127223	257
V	127338	261
V	127455	251
V	127568	253
V	127689	255
V	127808	252
V	127922	259
V	128035	260
V	128150	258
V	128271	250
V	128387	257
V	128509	261
V	128622	251
V	128738	253
V	128859	255
V	128980	256
V	129091	259
V	129208	260
V	129320	258
V	129434	254
V	129555	257
V	129673	261
V	129794	251
V	129909	253
V	130030	255
V	130144	256
V	130261	259
V	130378	250
V	130497	258
V	130611	254
V	130732	257
V	130849	261
V	130968	251
V	131089	253
V	131210	255
V	131326	256
V	131440	259
V	131561	260
V	131678	250
V	131800	254
V	131918	257
V	132036	261
V	132152	251
V	132264	253
V	132377	255
V	132492	256
V	132613	259
V	132726	260
V	132841	258
V	132954	254
V	133069	257
V	133180	261
V	133301	251
V	133417	253
V	133537	255
V	133653	256
V	133764	252
V	133881	260
V	133995	258
V	134112	254
V	134228	257
V	134350	261
V	134454	250
V	134573	253
V	134694	255
V	134809	256
V	134927	259
V	135048	260
V	135169	258
V	135290	254
V	135401	252
V	135515	261
V	135630	251
V	135743	253
V	135859	255
V	135974	256
V	136093	259
V	136214	260
V	136334	258
V	136448	254
V	136559	257
V	136678	261
V	136793	251
V	136914	253
V	137033	255
V	137147	256
V	137260	259
V	137375	260
V	137496	258
V	137615	254
V	137734	257
V	137847	261
V	137963	251
V	138084	253
V	138205	252
V	138316	256
V	138433	259
V	138545	260
V	138658	258
V	138779	254
V	138894	257
V	139013	261
V	139128	251
V	139250	253
V	139373	255
V	139490	252
V	139607	259
V	139728	260
V	139842	258
V	139963	250
V	140080	257
V	140199	261
V	140320	251
V	140441	253
V	140556	255
V	140670	256
V	140791	259
V	140908	260
V	141029	258
V	141147	254
V	141265	257
V	141382	261
V	141494	251
V	141607	253
V	141722	255
V	141843	256
V	141956	259
V	142071	250
V	142184	258
V	142298	254
V	142409	257
V	142530	261
V	142644	251
V	142764	253
V	142878	255
V	142987	256
V	143104	259
V	143218	260
V	143339	250
V	143455	254
V	143577	257
V	143681	261
V	143800	251
V	143921	253
V	144036	255
V	144153	256
V	144274	259
V	144395	260
V	144516	258
V	144632	254
V	144746	257
V	144861	261
V	144975	251
V	145091	253
V	145206	255
V	145325	256
V	145446	252
V	145567	260
V	145681	258
V	145797	254
V	145910	257
V	146029	261
V	146150	250
V	146269	253
V	146383	255
V	146496	256
V	146611	259
V	146732	260
V	146848	258
V	146970	254
V	147083	252
V	147199	261
V	147320	251
V	147441	253
V	147552	255
V	147669	256
V	147781	259
V	147896	260
V	148017	258
V	148131	254
V	148247	257
V	148362	261
V	148484	251
V	148598	253
V	148715	255
V	148832	256
V	148954	259
V	149068	260
V	149189	258
V	149306	254
V	149425	257
V	149546	261
V	149667	251
V	149782	253
V	149896	252
V	150017	256
V	150134	259
V	150254	260
V	150372	258
V	150490	254
V	150604	257
V	150716	261
V	150829	251
V	150944	253
V	151065	255
V	151178	252
V	151292	259
V	151405	260
V	151520	258
V	151631	250
V	151752	257
V	151869	261
V	151989	251
V	152102	253
V	152216	255
V	152333	256
V	152448	259
V	152569	260
V	152685	258
V	152807	254
V	152911	257
V	153030	261
V	153151	251
V	153266	253
V	153388	255
V	153509	256
V	153630	259
V	153751	250
V	153865	258
V	153979	254
V	154094	257
V	154213	261
V	154329	251
V	154444	253
V	154563	255
V	154684	256
V	154805	259
V	154920	260
V	155034	250
V	155151	254
V	155265	257
V	155386	261
V	155505	251
V	155619	253
V	155732	255
V	155847	256
V	155968	259
V	156087	260
V	156206	258
V	156319	254
V	156433	257
V	156554	261
V	156675	251
V	156786	253
V	156903	255
V	157015	256
V	157129	252
V	157250	260
V	157364	258
V	157475	254
V	157590	257
V	157712	261
V	157836	250
V	157953	253
V	158070	255
V	158192	256
V	158306	259
V	158427	260
V	158544	258
V	158663	254
V	158784	252
V	158905	261
V	159021	251
V	159135	253
V	159256	255
V	159373	256
V	159495	259
V	159613	260
V	159731	258
V	159846	254
V	159958	257
V	160071	261
V	160186	251
V	160307	253
V	160420	255
V	160536	256
V	160649	259
V	160764	260
V	160875	258
V	160996	254
V	161111	257
V	161231	261
V	161347	251
V	161462	253
V	161579	252
V	161693	256
V	161810	259
V	161926	260
V	162048	258
V	162152	254
V	162267	257
V	162388	261
V	162503	251
V	162625	253
V	162746	255
V	162867	252
V	162988	259
V	163104	260
V	163218	258
V	163333	250
V	163447	257
V	163563	261
V	163678	251
V	163797	253
V	163918	255
V	164039	256
V	164154	259
V	164270	260
V	164383	258
V	164498	254
V	164619	257
V	164738	261
V	164852	251
V	164965	253
V	165080	255
V	165201	256
V	165320	259
V	165440	250
V	165553	258
V	165667	254
V	165788	257
V	165909	261
V	166020	251
V	166137	253
V	166249	255
V	166364	256
V	166485	259
V	166600	260
V	166718	250
V	166833	254
V	166953	257
V	167077	261
V	167194	251
V	167311	253
V	167433	255
V	167547	256
V	167668	259
V	167785	260
V	167904	258
V	168025	254
V	168146	257
V	168261	261
V	168375	251
V	168496	253
V	168613	255
V	168735	256
V	168853	252
V	168971	260
V	169086	258
V	169198	254
V	169311	257
V	169426	261
V	169547	250
V	169660	253
V	169776	255
V	169889	256
V	170003	259
V	170114	260
V	170235	258
V	170349	254
V	170469	252
V	170582	261
V	170698	251
V	170815	253
V	170929	255
V	171046	256
V	171162	259
V	171284	260
V	171388	258
V	171504	254
V	171625	257
V	171740	261
V	171862	251
V	171983	253
V	172104	255
V	172225	256
V	172340	259
V	172454	260
V	172569	258
V	172684	254
V	172800	257
V	172915	261
V	173034	251
V	173155	253
V	173276	252
V	173391	256
V	173506	259
V	173623	260
V	173734	258
V	173855	254
V	173969	257
V	174083	261
V	174196	251
V	174311	253
V	174432	255
V	174549	252
V	174671	259
V	174784	260
V	174898	258
V	175019	250
V	175140	257
V	175251	261
V	175368	251
V	175480	253
V	175594	255
V	175715	256
V	175829	259
V	175949	260
V	176064	258
V	176185	254
V	176300	257
V	176417	261
V	176534	251
V	176656	253
V	176770	255
V	176891	256
V	177008	259
V	177127	250
V	177248	258
V	177369	254
V	177480	257
V	177594	261
V	177715	251
V	177832	253
V	177954	255
V	178072	256
V	178190	259
V	178306	260
V	178418	250
V	178531	254
V	178646	257
V	178767	261
V	178880	251
V	178994	253
V	179107	255
V	179223	256
V	179334	259
V	179455	260
V	179570	258
V	179691	254
V	179805	257
V	179921	261
V	180038	251
V	180152	253
V	180269	255
V	180385	256
V	180507	252
V	180611	260
V	180726	258
V	180847	254
V	180962	257
V	181084	261
V	181205	250
V	181326	253
V	181447	255
V	181561	256
V	181675	259
V	181790	260
V	181905	258
V	182021	254
V	182136	252
V	182255	261
V	182376	251
V	182497	253
V	182612	255
V	182726	256
V	182845	259
V	182961	260
V	183082	258
V	183199	254
V	183313	257
V	183426	261
V	183541	251
V	183662	253
V	183783	255
V	183904	256
V	184017	259
V	184131	260
V	184252	258
V	184367	254
V	184483	257
V	184600	261
V	184712	251
V	184826	253
V	184947	252
V	185061	256
V	185181	259
V	185296	260
V	185416	258
V	185531	254
V	185648	257
V	185765	261
V	185887	251
V	186001	253
V	186122	255
V	186239	252
V	186358	259
V	186479	260
V	186600	258
V	186716	250
V	186830	257
V	186951	261
V	187068	251
V	187190	253
V	187311	255
V	187429	256
V	187543	259
V	187655	260
V	187768	258
V	187883	254
V	188004	257
V	188117	261
V	188232	251
V	188345	253
V	188461	255
V	188572	256
V	188693	259
V	188807	250
V	188927	258
V	189042	254
V	189155	257
V	189272	261
V	189386	251
V	189503	253
V	189619	255
V	189741	256
V	189845	259
V	189961	260
V	190082	250
V	190197	254
V	190318	257
V	190439	261
V	190560	251
V	190681	253
V	190797	255
V	190911	256
V	191026	259
V	191142	260
V	191258	258
V	191373	254
V	191492	257
V	191613	261
V	191734	251
V	191848	253
V	191964	255
V	192083	256
V	192198	252
V	192319	260
V	192433	258
V	192547	254
V	192660	257
V	192775	261
V	192896	250
V	193017	253
V	193138	255
V	193251	256
V	193367	259
V	193488	260
V	193609	258
V	193724	254
V	193841	252
V	193953	261
V	194068	251
V	194189	253
V	194304	255
V	194420	256
V	194535	259
V	194656	260
V	194770	258
V	194887	254
V	195004	257
V	195126	261
V	195240	251
V	195361	253
V	195478	255
V	195597	256
V	195718	259
V	195839	260
V	195953	258
V	196067	254
V	196188	257
V	196305	261
V	196427	251
V	196548	253
V	196666	252
V	196781	256
V	196893	259
V	197006	260
V	197121	258
V	197242	254
V	197355	257
V	197469	261
V	197582	251
V	197696	253
V	197807	255
V	197928	252
V	198040	259
V	198161	260
V	198276	258
V	198386	250
V	198503	257
V	198620	261
V	198737	251
V	198853	253
V	198975	255
V	199079	256
V	199198	259
V	199319	260
V	199434	258
V	199552	254
V	199672	257
V	199793	261
V	199914	251
V	200029	253
V	200143	255
V	200258	256
V	200372	259
V	200488	250
V	200603	258
V	200722	254
V	200843	257
V	200964	261
V	201079	251
V	201194	253
V	201313	255
V	201429	256
V	201550	259
V	201667	260
V	201781	250
V	201894	254
V	202009	257
V	202130	261
V	202251	251
V	202374	253
V	202487	255
V	202603	256
V	202724	259
V	202839	260
V	202955	258
V	203072	254
V	203184	257
V	203298	261
V	203419	251
V	203533	253
V	203654	255
V	203769	256
V	203891	252
V	204013	260
V	204130	258
V	204247	254
V	204366	257
V	204480	261
V	204601	250
V	204718	253
V	204837	255
V	204958	256
V	205079	259
V	205195	260
V	205309	258
V	205430	254
V	205547	252
V	205669	261
V	205789	251
V	205907	253
V	206022	255
V	206134	256
V	206247	259
V	206362	260
V	206483	258
V	206596	254
V	206711	257
V	206824	261
V	206939	251
V	207050	253
V	207171	255
V	207287	256
V	207409	259
V	207525	260
V	207640	258
V	207757	254
V	207871	257
V	207988	261
V	208104	251
V	208226	253
V	208330	252
V	208449	256
V	208570	259
V	208685	260
V	208806	258
V	208927	254
V	209048	257
V	209169	261
V	209284	251
V	209398	253
V	209513	255
V	209628	252
V	209744	259
V	209859	260
V	209978	258
V	210099	250
V	210219	257
V	210335	261
V	210450	251
V	210569	253
V	210685	255
V	210806	256
V	210925	259
V	211039	260
V	211152	258
V	211267	254
V	211388	257
V	211505	261
V	211627	251
V	211740	253
V	211856	255
V	211977	256
V	212098	259
V	212213	250
V	212330	258
V	212442	254
V	212556	257
V	212677	261
V	212793	251
V	212912	253
V	213027	255
V	213149	256
V	213264	259
V	213381	260
V	213498	250
V	213619	254
V	213733	257
V	213854	261
V	213971	251
V	214090	253
V	214211	255
V	214332	256
V	214446	259
V	214560	260
V	214681	258
V	214798	254
V	214919	257
V	215036	261
V	215154	251
V	215267	253
V	215379	255
V	215492	256
V	215607	252
V	215728	260
V	215841	258
V	215955	254
V	216068	257
V	216185	261
V	216296	250
V	216417	253
V	216533	255
V	216654	256
V	216768	259
V	216883	260
V	217000	258
V	217115	254
V	217236	252
V	217352	261
V	217474	251
V	217578	253
V	217697	255
V	217818	256
V	217933	259
V	218051	260
V	218171	258
V	218292	254
V	218413	257
V	218526	261
V	218640	251
V	218755	253
V	218870	255
V	218986	256
V	219101	259
V	219220	260
V	219341	258
V	219462	254
V	219576	257
V	219689	261
V	219808	251
V	219923	253
V	220044	252
V	220163	256
V	220277	259
V	220390	260
V	220505	258
V	220626	254
V	220742	257
V	220867	261
V	220980	251
V	221096	253
V	221217	255
V	221338	252
V	221449	259
V	221566	260
V	221678	258
V	221792	250
V	221913	257
V	222030	261
V	222151	251
V	222266	253
V	222388	255
V	222510	256
V	222627	259
V	222744	260
V	222863	258
V	222977	254
V	223098	257
V	223215	261
V	223334	251
V	223455	253
V	223576	255
V	223692	256
V	223806	259
V	223927	250
V	224044	258
V	224164	254
V	224282	257
V	224400	261
V	224515	251
V	224627	253
V	224740	255
V	224855	256
V	224976	259
V	225089	260
V	225203	250
V	225316	254
V	225430	257
V	225541	261
V	225662	251
V	225776	253
V	225896	255
V	226011	256
V	226120	259
V	226237	260
V	226352	258
V	226473	254
V	226589	257
V	226711	261
V	226815	251
V	226934	253
V	227055	255
V	227170	256
V	227288	252
V	227409	260
V	227530	258
V	227651	254
V	227762	257
V	227876	261
V	227991	250
V	228104	253
V	228220	255
V	228335	256
V	228454	259
V	228575	260
V	228695	258
V	228810	254
V	228921	252
V	229040	261
V	229155	251
V	229276	253
V	229395	255
V	229509	256
V	229622	259
V	229737	260
V	229858	258
V	229977	254
V	230096	257
V	230209	261
V	230325	251
V	230446	253
V	230567	255
V	230678	256
V	230795	259
V	230907	260
V	231022	258
V	231143	254
V	231258	257
V	231377	261
V	231492	251
V	231614	253
V	231734	252
V	231851	256
V	231968	259
V	232089	260
V	232203	258
V	232324	254
V	232441	257
V	232560	261
V	232681	251
V	232802	253
V	232917	255
V	233031	252
V	233152	259
V	233269	260
V	233390	258
V	233508	250
V	233626	257
V	233740	261
V	233852	251
V	233965	253
V	234080	255
V	234201	256
V	234314	259
V	234430	260
V	234543	258
V	234657	254
V	234768	257
V	234889	261
V	235005	251
V	235125	253
V	235240	255
V	235355	256
V	235472	259
V	235587	250
V	235708	258
V	235824	254
V	235946	257
V	236050	261
V	236169	251
V	236290	253
V	236405	255
V	236522	256
V	236643	259
V	236764	260
V	236885	250
V	237001	254
V	237115	257
V	237230	261
V	237345	251
V	237461	253
V	237576	255
V	237695	256
V	237816	259
V	237937	260
V	238052	258
V	238168	254
V	238281	257
V	238400	261
V	238521	251
V	238640	253
V	238754	255
V	238867	256
V	238982	252
V	239103	260
V	239219	258
V	239341	254
V	239454	257
V	239570	261
V	239691	250
V	239812	253
V	239923	255
V	240040	256
V	240152	259
V	240267	260
V	240388	258
V	240502	254
V	240618	252
V	240733	261
V	240855	251
V	240969	253
V	241086	255
V	241203	256
V	241325	259
V	241439	260
V	241560	258
V	241677	254
V	241796	257
V	241917	261
V	242038	251
V	242153	253
V	242267	255
V	242388	256
V	242505	259
V	242625	260
V	242743	258
V	242861	254
V	242975	257
V	243087	261
V	243200	251
V	243315	253
V	243436	252
V	243549	256
V	243664	259
V	243777	260
V	243892	258
V	244003	254
V	244124	257
V	244239	261
V	244359	251
V	244472	253
V	244585	255
V	244702	252
V	244817	259
V	244938	260
V	245054	258
V	245176	250
V	245280	257
V	245399	261
V	245520	251
V	245635	253
V	245757	255
V	245878	256
V	245999	259
V	246120	260
V	246234	258
V	246348	254
V	246463	257
V	246577	261
V	246693	251
V	246808	253
V	246927	255
V	247048	256
V	247169	259
V	247284	250
V	247398	258
V	247515	254
V	247629	257
V	247750	261
V	247869	251
V	247983	253
V	248096	255
V	248211	256
V	248332	259
V	248451	260
V	248570	250
V	248683	254
V	248797	257
V	248918	261
V	249039	251
V	249150	253
V	249267	255
V	249379	256
V	249493	259
V	249614	260
V	249728	258
V	249839	254
V	249954	257
V	250076	261
V	250200	251
V	250317	253
V	250434	255
V	250556	256
V	250670	252
V	250791	260
V	250908	258
V	251027	254
V	251148	257
V	251269	261
V	251385	250
V	251499	253
V	251620	255
V	251737	256
V	251859	259
V	251977	260
V	252095	258
V	252210	254
V	252322	252
V	252435	261
V	252550	251
V	252671	253
V	252784	255
V	252900	256
V	253013	259
V	253128	260
V	253239	258
V	253360	254
V	253475	257
V	253595	261
V	253710	251
V	253822	253
V	253939	255
V	254053	256
V	254170	259
V	254286	260
V	254408	258
V	254512	254
V	254627	257
V	254748	261
V	254863	251
V	254985	253
V	255106	252
V	255227	256
V	255348	259
V	255464	260
V	255578	258
V	255693	254
V	255807	257
V	255923	261
V	256038	251
V	256157	253
V	256278	255
V	256399	252
V	256513	259
V	256629	260
V	256742	258
V	256857	250
V	256978	257
V	257097	261
V	257211	251
V	257324	253
V	257439	255
V	257560	256
V	257679	259
V	257799	260
V	257912	258
V	258026	254
V	258147	257
V	258268	261
V	258379	251
V	258496	253
V	258608	255
V	258723	256
V	258844	259
V	258959	250
V	259077	258
V	259192	254
V	259312	257
V	259436	261
V	259553	251
V	259670	253
V	259792	255
V	259906	256
V	260027	259
V	260144	260
V	260263	250
V	260384	254
V	260505	257
V	260623	261
V	260737	251
V	260858	253
V	260975	255
V	261097	256
V	261215	259
V	261333	260
V	261448	258
V	261560	254
V	261673	257
V	261788	261
V	261909	251
V	262022	253
V	262138	255
V	262251	256
V	262365	252
V	262476	260
V	262597	258
V	262711	254
V	262831	257
V	262945	261
V	263054	250
V	263171	253
V	263285	255
V	263402	256
V	263518	259
V	263640	260
V	263744	258
V	263860	254
V	263981	252
V	264096	261
V	264218	251
V	264339	253
V	264460	255
V	264581	256
V	264696	259
V	264810	260
V	264925	258
V	265040	254
V	265156	257
V	265271	261
V	265390	251
V	265511	253
V	265632	255
V	265748	256
V	265863	259
V	265980	260
V	266091	258
V	266212	254
V	266326	257
V	266440	261
V	266553	251
V	266668	253
V	266789	252
V	266906	256
V	267028	259
V	267141	260
V	267255	258
V	267376	254
V	267497	257
V	267608	261
V	267725	251
V	267837	253
V	267950	255
V	268071	252
V	268185	259
V	268305	260
V	268420	258
V	268541	250
V	268656	257
V	268773	261
V	268890	251
V	269012	253
V	269126	255
V	269247	256
V	269364	259
V	269483	260
V	269604	258
V	269725	254
V	269836	257
V	269950	261
V	270071	251
V	270188	253
V	270310	255
V	270428	256
V	270546	259
V	270662	250
V	270774	258
V	270887	254
V	271002	257
V	271123	261
V	271236	251
V	271351	253
V	271464	255
V	271579	256
V	271690	259
V	271811	260
V	271926	250
V	272047	254
V	272161	257
V	272274	261
V	272391	251
V	272505	253
V	272622	255
V	272738	256
V	272860	259
V	272964	260
V	273079	258
V	273200	254
V	273315	257
V	273437	261
V	273558	251
V	273679	253
V	273800	255
V	273914	256
V	274028	252
V	274143	260
V	274258	258
V	274374	254
V	274489	257
V	274608	261
V	274729	250
V	274850	253
V	274965	255
V	275079	256
V	275198	259
V	275314	260
V	275435	258
V	275552	254
V	275666	252
V	275779	261
V	275894	251
V	276015	253
V	276136	255
V	276257	256
V	276370	259
V	276484	260
V	276605	258
V	276720	254
V	276836	257
V	276953	261
V	277065	251
V	277179	253
V	277300	255
V	277414	256
V	277534	259
V	277649	260
V	277769	258
V	277884	254
V	278001	257
V	278118	261
V	278240	251
V	278354	253
V	278475	252
V	278592	256
V	278711	259
V	278832	260
V	278953	258
V	279069	254
V	279183	257
V	279304	261
V	279421	251
V	279543	253
V	279664	255
V	279782	252
V	279896	259
V	280008	260
V	280121	258
V	280236	250
V	280357	257
V	280470	261
V	280585	251
V	280698	253
V	280812	255
V	280923	256
V	281044	259
V	281158	260
V	281278	258
V	281393	254
V	281506	257
V	281623	261
V	281737	251
V	281854	253
V	281970	255
V	282092	256
V	282196	259
V	282312	250
V	282433	258
V	282548	254
V	282669	257
V	282790	261
V	282911	251
V	283032	253
V	283148	255
V	283262	256
V	283377	259
V	283493	260
V	283609	250
V	283724	254
V	283843	257
V	283964	261
V	284085	251
V	284199	253
V	284315	255
V	284434	256
V	284549	259
V	284670	260
V	284784	258
V	284898	254
V	285011	257
V	285126	261
V	285247	251
V	285368	253
V	285489	255
V	285602	256
V	285718	252
V	285839	260
V	285960	258
V	286075	254
V	286192	257
V	286304	261
V	286418	250
V	286539	253
V	286654	255
V	286770	256
V	286885	259
V	287006	260
V	287120	258
V	287237	254
V	287354	252
V	287476	261
V	287590	251
V	287711	253
V	287828	255
V	287947	256
V	288068	259
V	288189	260
V	288303	258
V	288417	254
V	288538	257
V	288655	261
V	288777	251
V	288898	253
V	289016	255
V	289131	256
V	289243	259
V	289356	260
V	289471	258
V	289592	254
V	289705	257
V	289824	261
V	289937	251
V	290051	253
V	290162	252
V	290283	256
V	290395	259
V	290516	260
V	290631	258
V	290741	254
V	290858	257
V	290975	261
V	291092	251
V	291208	253
V	291330	255
V	291434	252
V	291553	259
V	291674	260
V	291789	258
V	291907	250
V	292027	257
V	292148	261
V	292269	251
V	292384	253
V	292498	255
V	292613	256
V	292727	259
V	292843	260
V	292958	258
V	293077	254
V	293198	257
V	293319	261
V	293433	251
V	293548	253
V	293667	255
V	293783	256
V	293904	259
V	294021	250
V	294135	258
V	294248	254
V	294363	257
V	294484	261
V	294605	251
V	294728	253
V	294841	255
V	294957	256
V	295078	259
V	295193	260
V	295309	250
V	295426	254
V	295538	257
V	295655	261
V	295776	251
V	295890	253
V	296011	255
V	296126	256
V	296248	259
V	296370	260
V	296487	258
V	296604	254
V	296723	257
V	296837	261
V	296958	251
V	297075	253
V	297194	255
V	297315	256
V	297436	252
V	297552	260
V	297666	258
V	297787	254
V	297904	257
V	298026	261
V	298146	250
V	298264	253
V	298379	255
V	298491	256
V	298604	259
V	298719	260
V	298840	258
V	298953	254
V	299068	252
V	299181	261
V	299296	251
V	299407	253
V	299528	255
V	299644	256
V	299766	259
V	299882	260
V	299997	258
V	300114	254
V	300228	257
V	300345	261
V	300461	251
V	300583	253
V	300687	255
V	300806	256
V	300927	259
V	301042	260
V	301163	258
V	301284	254
V	301405	257
V	301526	261
V	301641	251
V	301755	253
V	301870	252
V	301985	256
V	302101	259
V	302216	260
V	302335	258
V	302456	254
V	302576	257
V	302690	261
V	302805	251
V	302924	253
V	303040	255
V	303161	252
V	303280	259
V	303394	260
V	303507	258
V	303622	250
V	303743	257
V	303860	261
V	303982	251
V	304095	253
V	304211	255
V	304332	256
V	304453	259
V	304568	260
V	304685	258
V	304797	254
V	304911	257
V	305032	261
V	305148	251
V	305267	253
V	305382	255
V	305504	256
V	305619	259
V	305736	250
V	305853	258
V	305974	254
V	306088	257
V	306209	261
V	306326	251
V	306445	253
V	306566	255
V	306687	256
V	306801	259
V	306915	260
V	307036	250
V	307153	254
V	307274	257
V	307391	261
V	307509	251
V	307622	253
V	307734	255
V	307847	256
V	307962	259
V	308083	260
V	308196	258
V	308310	254
V	308423	257
V	308540	261
V	308651	251
V	308772	253
V	308888	255
V	309009	256
V	309123	252
V	309238	260
V	309355	258
V	309470	254
V	309591	257
V	309707	261
V	309829	250
V	309933	253
V	310052	255
V	310173	256
V	310288	259
V	310406	260
V	310526	258
V	310647	254
V	310768	252
V	310881	261
V	310995	251
V	311110	253
V	311225	255
V	311341	256
V	311456	259
V	311575	260
V	311696	258
V	311817	254
V	311931	257
V	312044	261
V	312163	251
V	312278	253
V	312399	255
V	312518	256
V	312632	259
V	312745	260
V	312860	258
V	312981	254
V	313097	257
V	313222	261
V	313335	251
V	313451	253
V	313572	252
V	313693	256
V	313804	259
V	313921	260
V	314033	258
V	314147	254
V	314268	257
V	314385	261
V	314506	251
V	314621	253
V	314743	255
V	314865	252
V	314982	259
V	315099	260
V	315218	258
V	315332	250
V	315453	257
V	315570	261
V	315689	251
V	315810	253
V	315931	255
V	316047	256
V	316161	259
V	316282	260
V	316399	258
V	316519	254
V	316637	257
V	316755	261
V	316870	251
V	316982	253
V	317095	255
V	317210	256
V	317331	259
V	317444	250
V	317558	258
V	317671	254
V	317785	257
V	317896	261
V	318017	251
V	318131	253
V	318251	255
V	318366	256
V	318475	259
V	318592	260
V	318707	250
V	318828	254
V	318944	257
V	319066	261
V	319170	251
V	319289	253
V	319410	255
V	319525	256
V	319643	259
V	319764	260
V	319885	258
V	320006	254
V	320117	257
V	320231	261
V	320346	251
V	320459	253
V	320575	255
V	320690	256
V	320809	252
V	320930	260
V	321050	258
V	321165	254
V	321276	257
V	321395	261
V	321510	250
V	321631	253
V	321750	255
V	321864	256
V	321977	259
V	322092	260
V	322213	258
V	322332	254
V	322451	252
V	322564	261
V	322680	251
V	322801	253
V	322922	255
V	323033	256
V	323150	259
V	323262	260
V	323377	258
V	323498	254
V	323613	257
V	323732	261
V	323847	251
V	323969	253
V	324089	255
V	324206	256
V	324323	259
V	324444	260
V	324558	258
V	324679	254
V	324796	257
V	324915	261
V	325036	251
V	325157	253
V	325272	252
V	325386	256
V	325507	259
V	325624	260
V	325745	258
V	325863	254
V	325981	257
V	326095	261
V	326207	251
V	326320	253
V	326435	255
V	326556	252
V	326669	259
V	326785	260
V	326898	258
V	327012	250
V	327123	257
V	327244	261
V	327360	251
V	327480	253
V	327595	255
V	327710	256
V	327827	259
V	327942	260
V	328063	258
V	328179	254
V	328301	257
V	328405	261
V	328524	251
V	328645	253
V	328760	255
V	328877	256
V	328998	259
V	329119	250
V	329240	258
V	329356	254
V	329470	257
V	329585	261
V	329700	251
V	329816	253
V	329931	255
V	330050	256
V	330171	259
V	330292	260
V	330407	250
V	330523	254
V	330636	257
V	330755	261
V	330876	251
V	330995	253
V	331109	255
V	331222	256
V	331337	259
V	331458	260
V	331574	258
V	331696	254
V	331809	257
V	331925	261
V	332046	251
V	332167	253
V	332278	255
V	332395	256
V	332507	252
V	332622	260
V	332743	258
V	332857	254
V	332973	257
V	333088	261
V	333210	250
V	333324	253
V	333441	255
V	333558	256
V	333680	259
V	333794	260
V	333915	258
V	334032	254
V	334151	252
V	334272	261
V	334393	251
V	334508	253
V	334622	255
V	334743	256
V	334860	259
V	334980	260
V	335098	258
V	335216	254
V	335330	257
V	335442	261
V	335555	251
V	335670	253
V	335791	255
V	335904	256
V	336019	259
V	336132	260
V	336247	258
V	336358	254
V	336479	257
V	336594	261
V	336714	251
V	336827	253
V	336940	252
V	337057	256
V	337172	259
V	337293	260
V	337409	258
V	337531	254
V	337635	257
V	337754	261
V	337875	251
V	337990	253
V	338112	255
V	338233	252
V	338354	259
V	338475	260
V	338589	258
V	338703	250
V	338818	257
V	338932	261
V	339048	251
V	339163	253
V	339282	255
V	339403	256
V	339524	259
V	339639	260
V	339753	258
V	339870	254
V	339984	257
V	340105	261
V	340224	251
V	340338	253
V	340451	255
V	340566	256
V	340687	259
V	340806	250
V	340925	258
V	341038	254
V	341152	257
V	341273	261
V	341394	251
V	341505	253
V	341622	255
V	341734	256
V	341848	259
V	341969	260
V	342083	250
V	342194	254
V	342309	257
V	342431	261
V	342555	251
V	342672	253
V	342789	255
V	342911	256
V	343025	259
V	343146	260
V	343263	258
V	343382	254
V	343503	257
V	343624	261
V	343740	251
V	343854	253
V	343975	255
V	344092	256
V	344214	252
V	344332	260
V	344450	258
V	344565	254
V	344677	257
V	344790	261
V	344905	250
V	345026	253
V	345139	255
V	345255	256
V	345368	259
V	345483	260
V	345594	258
V	345715	254
V	345830	252
V	345950	261
V	346065	251
V	346177	253
V	346294	255
V	346408	256
V	346525	259
V	346641	260
V	346763	258
V	346867	254
V	346982	257
V	347103	261
V	347218	251
V	347340	253
V	347461	255
V	347582	256
V	347703	259
V	347819	260
V	347933	258
V	348048	254
V	348162	257
V	348278	261
V	348393	251
V	348512	253
V	348633	252
V	348754	256
V	348868	259
V	348984	260
V	349097	258
V	349212	254
V	349333	257
V	349452	261
V	349566	251
V	349679	253
V	349794	255
V	349915	252
V	350034	259
V	350154	260
V	350267	258
V	350381	250
V	350502	257
V	350623	261
V	350734	251
V	350851	253
V	350963	255
V	351078	256
V	351199	259
V	351314	260
V	351432	258
V	351547	254
V	351667	257
V	351791	261
V	351908	251
V	352025	253
V	352147	255
V	352261	256
V	352382	259
V	352499	250
V	352618	258
V	352739	254
V	352860	257
V	352978	261
V	353092	251
V	353213	253
V	353330	255
V	353452	256
V	353570	259
V	353688	260
V	353803	250
V	353915	254
V	354028	257
V	354143	261
V	354264	251
V	354377	253
V	354493	255
V	354606	256
V	354720	259
V	354831	260
V	354952	258
V	355066	254
V	355186	257
V	355300	261
V	355409	251
V	355526	253
V	355640	255
V	355757	256
V	355873	252
V	355995	260
V	356099	258
V	356215	254
V	356336	257
V	356451	261
V	356573	250
V	356694	253
V	356815	255
V	356936	256
V	357051	259
V	357165	260
V	357280	258
V	357395	254
V	357511	252
V	357626	261
V	357745	251
V	357866	253
V	357987	255
V	358103	256
V	358218	259
V	358335	260
V	358446	258
V	358567	254
V	358681	257
V	358795	261
V	358908	251
V	359023	253
V	359144	255
V	359261	256
V	359383	259
V	359496	260
V	359610	258
V	359731	254
V	359852	257
V	359963	261
V	360080	251
V	360192	253
V	360305	252
V	360426	256
V	360540	259
V	360660	260
V	360775	258
V	360896	254
V	361011	257
V	361128	261
V	361245	251
V	361367	253
V	361481	255
V	361602	252
V	361719	259
V	361838	260
V	361959	258
V	362080	250
V	362191	257
V	362305	261
V	362426	251
V	362543	253
V	362665	255
V	362783	256
V	362901	259
V	363017	260
V	363129	258
V	363242	254
V	363357	257
V	363478	261
V	363591	251
V	363706	253
V	363819	255
V	363934	256
V	364045	259
V	364166	250
V	364281	258
V	364402	254
V	364516	257
V	364629	261
V	364746	251
V	364860	253
V	364977	255
V	365093	256
V	365215	259
V	365319	260
V	365434	250
V	365555	254
V	365670	257
V	365792	261
V	365913	251
V	366034	253
V	366155	255
V	366269	256
V	366383	259
V	366498	260
V	366613	258
V	366729	254
V	366844	257
V	366963	261
V	367084	251
V	367205	253
V	367320	255
V	367434	256
V	367553	252
V	367669	260
V	367790	258
V	367907	254
V	368021	257
V	368134	261
V	368249	250
V	368370	253
V	368491	255
V	368612	256
V	368725	259
V	368839	260
V	368960	258
V	369075	254
V	369191	252
V	369308	261
V	369420	251
V	369534	253
V	369655	255
V	369769	256
V	369889	259
V	370004	260
V	370124	258
V	370239	254
V	370356	257
V	370473	261
V	370595	251
V	370709	253
V	370830	255
V	370947	256
V	371066	259
V	371187	260
V	371308	258
V	371424	254
V	371538	257
V	371659	261
V	371776	251
V	371898	253
V	372019	252
V	372137	256
V	372251	259
V	372363	260
V	372476	258
V	372591	254
V	372712	257
V	372825	261
V	372940	251
V	373053	253
V	373167	255
V	373278	252
V	373399	259
V	373513	260
V	373633	258
V	373748	250
V	373861	257
V	373978	261
V	374092	251
V	374209	253
V	374325	255
V	374447	256
V	374551	259
V	374667	260
V	374788	258
V	374903	254
V	375024	257
V	375145	261
V	375266	251
V	375387	253
V	375503	255
V	375617	256
V	375732	259
V	375848	250
V	375964	258
V	376079	254
V	376198	257
V	376319	261
V	376440	251
V	376554	253
V	376670	255
V	376789	256
V	376904	259
V	377025	260
V	377139	250
V	377253	254
V	377366	257
V	377481	261
V	377602	251
V	377723	253
V	377844	255
V	377957	256
V	378073	259
V	378194	260
V	378315	258
V	378430	254
V	378547	257
V	378659	261
V	378773	251
V	378894	253
V	379009	255
V	379125	256
V	379240	252
V	379361	260
V	379475	258
V	379592	254
V	379709	257
V	379831	261
V	379945	250
V	380066	253
V	380183	255
V	380302	256
V	380423	259
V	380544	260
V	380658	258
V	380772	254
V	380893	252
V	381010	261
V	381132	251
V	381253	253
V	381371	255
V	381486	256
V	381598	259
V	381711	260
V	381826	258
V	381947	254
V	382060	257
V	382179	261
V	382292	251
V	382406	253
V	382517	255
V	382638	256
V	382750	259
V	382871	260
V	382986	258
V	383096	254
V	383213	257
V	383330	261
V	383447	251
V	383563	253
V	383685	252
V	383789	256
V	383908	259
V	384029	260
V	384144	258
V	384262	254
V	384382	257
V	384503	261
V	384624	251
V	384739	253
V	384853	255
V	384968	252
V	385082	259
V	385198	260
V	385313	258
V	385432	250
V	385553	257
V	385674	261
V	385788	251
V	385903	253
V	386022	255
V	386138	256
V	386259	259
V	386376	260
V	386490	258
V	386603	254
V	386718	257
V	386839	261
V	386960	251
V	387083	253
V	387196	255
V	387312	256
V	387433	259
V	387548	250
V	387664	258
V	387781	254
V	387893	257
V	388010	261
V	388131	251
V	388245	253
V	388366	255
V	388481	256
V	388603	259
V	388725	260
V	388842	250
V	388959	254
V	389078	257
V	389192	261
V	389313	251
V	389430	253
V	389549	255
V	389670	256
V	389791	259
V	389907	260
V	390021	258
V	390142	254
V	390259	257
V	390381	261
V	390501	251
V	390619	253
V	390734	255
V	390846	256
V	390959	252
V	391074	260
V	391195	258
V	391308	254
V	391423	257
V	391536	261
V	391651	250
V	391762	253
V	391883	255
V	391999	256
V	392121	259
V	392237	260
V	392352	258
V	392469	254
V	392583	252
V	392700	261
V	392816	251
V	392938	253
V	393042	255
V	393161	256
V	393282	259
V	393397	260
V	393518	258
V	393639	254
V	393760	257
V	393881	261
V	393996	251
V	394110	253
V	394225	255
V	394340	256
V	394456	259
V	394571	260
V	394690	258
V	394811	254
V	394931	257
V	395045	261
V	395160	251
V	395279	253
V	395395	252
V	395516	256
V	395635	259
V	395749	260
V	395862	258
V	395977	254
V	396098	257
V	396215	261
V	396337	251
V	396450	253
V	396566	255
V	396687	252
V	396808	259
V	396923	260
V	397040	258
V	397152	250
V	397266	257
V	397387	261
V	397503	251
V	397622	253
V	397737	255
V	397859	256
V	397974	259
V	398091	260
V	398208	258
V	398329	254
V	398443	257
V	398564	261
V	398681	251
V	398800	253
V	398921	255
V	399042	256
V	399156	259
V	399270	250
V	399391	258
V	399508	254
V	399629	257
V	399746	261
V	399864	251
V	399977	253
V	400089	255
V	400202	256
V	400317	259
V	400438	260
V	400551	250
V	400665	254
V	400778	257
V	400895	261
V	401006	251
V	401127	253
V	401243	255
V	401364	256
V	401478	259
V	401593	260
V	401710	258
V	401825	254
V	401946	257
V	402062	261
V	402184	251
V	402288	253
V	402407	255
V	402528	256
V	402643	252
V	402761	260
V	402881	258
V	403002	254
V	403123	257
V	403236	261
V	403350	250
V	403465	253
V	403580	255
V	403696	256
V	403811	259
V	403930	260
V	404051	258
V	404172	254
V	404286	252
V	404399	261
V	404518	251
V	404633	253
V	404754	255
V	404873	256
V	404987	259
V	405100	260
V	405215	258
V	405336	254
V	405452	257
V	405577	261
V	405690	251
V	405806	253
V	405927	255
V	406048	256
V	406159	259
V	406276	260
V	406388	258
V	406502	254
V	406623	257
V	406740	261
V	406861	251
V	406976	253
V	407098	252
V	407220	256
V	407337	259
V	407454	260
V	407573	258
V	407687	254
V	407808	257
V	407925	261
V	408044	251
V	408165	253
V	408286	255
V	408402	252
V	408516	259
V	408637	260
V	408754	258
V	408874	250
V	408992	257
V	409110	261
V	409225	251
V	409337	253
V	409450	255
V	409565	256
V	409686	259
V	409799	260
V	409913	258
V	410026	254
V	410140	257
V	410251	261
V	410372	251
V	410486	253
V	410606	255
V	410721	256
V	410830	259
V	410947	250
V	411062	258
V	411183	254
V	411299	257
V	411421	261
V	411525	251
V	411644	253
V	411765	255
V	411880	256
V	411998	259
V	412119	260
V	412240	250
V	412361	254
V	412472	257
V	412586	261
V	412701	251
V	412814	253
V	412930	255
V	413045	256
V	413164	259
V	413285	260
V	413405	258
V	413520	254
V	413631	257
V	413750	261
V	413865	251
V	413986	253
V	414105	255
V	414219	256
V	414332	252
V	414447	260
V	414568	258
V	414687	254
V	414806	257
V	414919	261
V	415035	250
V	415156	253
V	415277	255
V	415388	256
V	415505	259
V	415617	260
V	415732	258
V	415853	254
V	415968	252
V	416087	261
V	416202	251
V	416324	253
V	416444	255
V	416561	256
V	416678	259
V	416799	260
V	416913	258
V	417034	254
V	417151	257
V	417270	261
V	417391	251
V	417512	253
V	417627	255
V	417741	256
V	417862	259
V	417979	260
V	418100	258
V	418218	254
V	418336	257
V	418450	261
V	418562	251
V	418675	253
V	418790	252
V	418911	256
V	419024	259
V	419140	260
V	419253	258
V	419367	254
V	419478	257
V	419599	261
V	419715	251
V	419835	253
V	419950	255
V	420065	252
V	420182	259
V	420297	260
V	420418	258
V	420534	250
V	420656	257
V	420760	261
V	420879	251
V	421000	253
V	421115	255
V	421232	256
V	421353	259
V	421474	260
V	421595	258
V	421711	254
V	421825	257
V	421940	261
V	422055	251
V	422171	253
V	422286	255
V	422405	256
V	422526	259
V	422647	250
V	422762	258
V	422878	254
V	422991	257
V	423110	261
V	423231	251
V	423350	253
V	423464	255
V	423577	256
V	423692	259
V	423813	260
V	423929	250
V	424051	254
V	424164	257
V	424280	261
V	424401	251
V	424522	253
V	424633	255
V	424750	256
V	424862	259
V	424977	260
V	425098	258
V	425212	254
V	425328	257
V	425443	261
V	425565	251
V	425679	253
V	425796	255
V	425913	256
V	426035	252
V	426149	260
V	426270	258
V	426387	254
V	426506	257
V	426627	261
V	426748	250
V	426863	253
V	426977	255
V	427098	256
V	427215	259
V	427335	260
V	427453	258
V	427571	254
V	427685	252
V	427797	261
V	427910	251
V	428025	253
V	428146	255
V	428259	256
V	428374	259
V	428487	260
V	428602	258
V	428713	254
V	428834	257
V	428949	261
V	429069	251
V	429182	253
V	429295	255
V	429412	256
V	429527	259
V	429648	260
V	429764	258
V	429886	254
V	429990	257
V	430109	261
V	430230	251
V	430345	253
V	430467	252
V	430588	256
V	430709	259
V	430830	260
V	430944	258
V	431058	254
V	431173	257
V	431287	261
V	431403	251
V	431518	253
V	431637	255
V	431758	252
V	431879	259
V	431994	260
V	432108	258
V	432225	250
V	432339	257
V	432460	261
V	432579	251
V	432693	253
V	432806	255
V	432921	256
V	433042	259
V	433161	260
V	433280	258
V	433393	254
V	433507	257
V	433628	261
V	433749	251
V	433860	253
V	433977	255
V	434089	256
V	434203	259
V	434324	250
V	434438	258
V	434549	254
V	434664	257
V	434786	261
V	434910	251
V	435027	253
V	435144	255
V	435266	256
V	435380	259
V	435501	260
V	435618	250
V	435737	254
V	435858	257
V	435979	261
V	436095	251
V	436209	253
V	436330	255
V	436447	256
V	436569	259
V	436687	260
V	436805	258
V	436920	254
V	437032	257
V	437145	261
V	437260	251
V	437381	253
V	437494	255
V	437610	256
V	437723	252
V	437838	260
V	437949	258
V	438070	254
V	438185	257
V	438305	261
V	438420	250
V	438532	253
V	438649	255
V	438763	256
V	438880	259
V	438996	260
V	439118	258
V	439222	254
V	439337	252
V	439458	261
V	439573	251
V	439695	253
V	439816	255
V	439937	256
V	440058	259
V	440174	260
V	440288	258
V	440403	254
V	440517	257
V	440633	261
V	440748	251
V	440867	253
V	440988	255
V	441109	256
V	441223	259
V	441339	260
V	441452	258
V	441567	254
V	441688	257
V	441807	261
V	441921	251
V	442034	253
V	442149	252
V	442270	256
V	442389	259
V	442509	260
V	442622	258
V	442736	254
V	442857	257
V	442978	261
V	443089	251
V	443206	253
V	443318	255
V	443433	252
V	443554	259
V	443669	260
V	443787	258
V	443902	250
V	444022	257
V	444146	261
V	444263	251
V	444380	253
V	444502	255
V	444616	256
V	444737	259
V	444854	260
V	444973	258
V	445094	254
V	445215	257
V	445333	261
V	445447	251
V	445568	253
V	445685	255
V	445807	256
V	445925	259
V	446043	250
V	446158	258
V	446270	254
V	446383	257
V	446498	261
V	446619	251
V	446732	253
V	446848	255
V	446961	256
V	447075	259
V	447186	260
V	447307	250
V	447421	254
V	447541	257
V	447655	261
V	447764	251
V	447881	253
V	447995	255
V	448112	256
V	448228	259
V	448350	260
V	448454	258
V	448570	254
V	448691	257
V	448806	261
V	448928	251
V	449049	253
V	449170	255
V	449291	256
V	449406	252
V	449520	260
V	449635	258
V	449750	254
V	449866	257
V	449981	261
V	450100	250
V	450221	253
V	450342	255
V	450458	256
V	450573	259
V	450690	260
V	450801	258
V	450922	254
V	451036	252
V	451150	261
V	451263	251
V	451378	253
V	451499	255
V	451616	256
V	451738	259
V	451851	260
V	451965	258
V	452086	254
V	452207	257
V	452318	261
V	452435	251
V	452547	253
V	452660	255
V	452781	256
V	452895	259
V	453015	260
V	453130	258
V	453251	254
V	453366	257
V	453483	261
V	453600	251
V	453722	253
V	453836	252
V	453957	256
V	454074	259
V	454193	260
V	454314	258
V	454435	254
V	454546	257
V	454660	261
V	454781	251
V	454898	253
V	455020	255
V	455138	252
V	455256	259
V	455372	260
V	455484	258
V	455597	250
V	455712	257
V	455833	261
V	455946	251
V	456061	253
V	456174	255
V	456289	256
V	456400	259
V	456521	260
V	456636	258
V	456757	254
V	456871	257
V	456984	261
V	457101	251
V	457215	253
V	457332	255
V	457448	256
V	457570	259
V	457674	250
V	457789	258
V	457910	254
V	458025	257
V	458147	261
V	458268	251
V	458389	253
V	458510	255
V	458624	256
V	458738	259
V	458853	260
V	458968	250
V	459084	254
V	459199	257
V	459318	261
V	459439	251
V	459560	253
V	459675	255
V	459789	256
V	459908	259
V	460024	260
V	460145	258
V	460262	254
V	460376	257
V	460489	261
V	460604	251
V	460725	253
V	460846	255
V	460967	256
V	461080	252
V	461194	260
V	461315	258
V	461430	254
V	461546	257
V	461663	261
V	461775	250
V	461889	253
V	462010	255
V	462124	256
V	462244	259
V	462359	260
V	462479	258
V	462594	254
V	462711	252
V	462828	261
V	462950	251
V	463064	253
V	463185	255
V	463302	256
V	463421	259
V	463542	260
V	463663	258
V	463779	254
V	463893	257
V	464014	261
V	464131	251
V	464253	253
V	464374	255
V	464492	256
V	464606	259
V	464718	260
V	464831	258
V	464946	254
V	465067	257
V	465180	261
V	465295	251
V	465408	253
V	465522	252
V	465633	256
V	465754	259
V	465868	260
V	465988	258
V	466103	254
V	466216	257
V	466333	261
V	466447	251
V	466564	253
V	466680	255
V	466802	252
V	466906	260
V	467034	252
V	467146	252
V	467272	252
V	467393	252
V	467507	256
V	467631	251
V	467754	258
V	467880	261
V	467999	260
V	468116	254
V	468241	254