\P\	Pos	ProductAssemblyID\
T	5	5
N	0	0
#
V	269	3
V	7001	3
V	7066	3
V	7130	3
V	7194	316
V	7261	324
V	7328	327
V	7394	328
V	7461	329
V	7528	330
V	7595	331
V	7662	350
V	7728	398
V	7794	399
V	7861	400
V	7927	400
V	7994	401
V	8060	401
V	8127	514
V	8194	514
V	8261	514
V	8328	514
V	8395	515
V	8462	515
V	8529	515
V	8596	515
V	8663	516
V	8729	516
V	8796	516
V	8863	516
V	8930	517
V	8995	517
V	9062	517
V	9129	517
V	9214	517
V	9280	518
V	9366	518
V	9432	518
V	9499	518
V	9566	518
V	9633	519
V	9700	519
V	9766	519
V	9833	519
V	9900	520
V	9967	520
V	10033	520
V	10099	520
V	10166	521
V	10233	521
V	10299	521
V	10365	521
V	10432	522
V	10499	522
V	10566	522
V	10652	522
V	10718	522
V	10784	529
V	10851	531
V	10918	532
V	11004	532
V	11071	533
V	11137	534
V	11203	680
V	11270	680
V	11337	680
V	11404	680
V	11471	680
V	11538	680
V	11624	680
V	11691	680
V	11757	680
V	11823	680
V	11889	680
V	11955	706
V	12021	706
V	12088	706
V	12155	706
V	12222	706
V	12289	706
V	12355	706
V	12421	706
V	12488	706
V	12554	706
V	12620	717
V	12687	717
V	12754	717
V	12821	717
V	12888	717
V	12955	717
V	13040	717
V	13106	717
V	13172	717
V	13238	717
V	13304	717
V	13370	718
V	13437	718
V	13504	718
V	13571	718
V	13657	718
V	13724	718
V	13791	718
V	13857	718
V	13923	718
V	13989	718
V	14055	718
V	14121	719
V	14188	719
V	14255	719
V	14322	719
V	14389	719
V	14456	719
V	14541	719
V	14607	719
V	14673	719
V	14739	719
V	14805	719
V	14871	720
V	14938	720
V	15005	720
V	15072	720
V	15139	720
V	15206	720
V	15272	720
V	15338	720
V	15424	720
V	15490	720
V	15556	720
V	15622	721
V	15689	721
V	15756	721
V	15823	721
V	15890	721
V	15957	721
V	16023	721
V	16089	721
V	16155	721
V	16221	721
V	16287	722
V	16354	722
V	16421	722
V	16488	722
V	16555	722
V	16622	722
V	16689	722
V	16755	722
V	16841	722
V	16907	722
V	16973	722
V	17040	723
V	17107	723
V	17174	723
V	17241	723
V	17308	723
V	17375	723
V	17442	723
V	17508	723
V	17574	723
V	17640	723
V	17707	724
V	17793	724
V	17860	724
V	17927	724
V	17994	724
V	18061	724
V	18128	724
V	18195	724
V	18261	724
V	18327	724
V	18393	724
V	18460	725
V	18527	725
V	18594	725
V	18661	725
V	18747	725
V	18814	725
V	18881	725
V	18947	725
V	19013	725
V	19079	725
V	19145	725
V	19212	726
V	19279	726
V	19346	726
V	19413	726
V	19480	726
V	19547	726
V	19632	726
V	19698	726
V	19764	726
V	19830	726
V	19896	726
V	19963	727
V	20030	727
V	20097	727
V	20164	727
V	20231	727
V	20298	727
V	20364	727
V	20430	727
V	20516	727
V	20582	727
V	20648	727
V	20715	728
V	20801	728
V	20868	728
V	20935	728
V	21002	728
V	21069	728
V	21136	728
V	21202	728
V	21268	728
V	21334	728
V	21400	728
V	21467	729
V	21534	729
V	21601	729
V	21668	729
V	21754	729
V	21821	729
V	21888	729
V	21954	729
V	22020	729
V	22086	729
V	22152	729
V	22219	730
V	22286	730
V	22353	730
V	22420	730
V	22487	730
V	22554	730
V	22639	730
V	22705	730
V	22771	730
V	22837	730
V	22903	730
V	22970	731
V	23037	731
V	23104	731
V	23171	731
V	23257	731
V	23324	731
V	23391	731
V	23457	731
V	23523	731
V	23589	731
V	23655	731
V	23721	732
V	23788	732
V	23855	732
V	23922	732
V	23989	732
V	24056	732
V	24141	732
V	24207	732
V	24273	732
V	24339	732
V	24405	732
V	24471	733
V	24538	733
V	24605	733
V	24672	733
V	24739	733
V	24806	733
V	24872	733
V	24938	733
V	25024	733
V	25090	733
V	25156	733
V	25222	734
V	25308	734
V	25375	734
V	25442	734
V	25509	734
V	25576	734
V	25643	734
V	25709	734
V	25775	734
V	25841	734
V	25907	734
V	25973	735
V	26040	735
V	26107	735
V	26174	735
V	26260	735
V	26327	735
V	26394	735
V	26460	735
V	26526	735
V	26592	735
V	26658	735
V	26724	736
V	26791	736
V	26858	736
V	26925	736
V	26992	736
V	27059	736
V	27126	736
V	27192	736
V	27258	736
V	27324	736
V	27391	737
V	27477	737
V	27544	737
V	27611	737
V	27678	737
V	27745	737
V	27812	737
V	27879	737
V	27945	737
V	28011	737
V	28077	737
V	28144	738
V	28211	738
V	28278	738
V	28345	738
V	28431	738
V	28498	738
V	28565	738
V	28632	738
V	28698	738
V	28764	738
V	28830	738
V	28897	739
V	28964	739
V	29031	739
V	29098	739
V	29165	739
V	29232	739
V	29298	739
V	29364	739
V	29450	739
V	29516	739
V	29582	739
V	29648	740
V	29715	740
V	29782	740
V	29849	740
V	29916	740
V	29983	740
V	30049	740
V	30115	740
V	30181	740
V	30247	740
V	30313	741
V	30399	741
V	30466	741
V	30533	741
V	30600	741
V	30667	741
V	30734	741
V	30800	741
V	30866	741
V	30932	741
V	30998	741
V	31064	742
V	31131	742
V	31198	742
V	31265	742
V	31351	742
V	31418	742
V	31485	742
V	31551	742
V	31617	742
V	31683	742
V	31749	742
V	31815	743
V	31882	743
V	31949	743
V	32016	743
V	32083	743
V	32150	743
V	32217	743
V	32283	743
V	32349	743
V	32415	743
V	32481	744
V	32567	744
V	32634	744
V	32701	744
V	32768	744
V	32835	744
V	32902	744
V	32969	744
V	33035	744
V	33101	744
V	33167	744
V	33233	745
V	33300	745
V	33367	745
V	33434	745
V	33520	745
V	33587	745
V	33654	745
V	33721	745
V	33787	745
V	33853	745
V	33919	745
V	33985	746
V	34052	746
V	34119	746
V	34186	746
V	34253	746
V	34320	746
V	34406	746
V	34473	746
V	34539	746
V	34605	746
V	34671	746
V	34737	747
V	34804	747
V	34871	747
V	34938	747
V	35005	747
V	35072	747
V	35139	747
V	35225	747
V	35292	747
V	35359	747
V	35426	747
V	35491	748
V	35557	748
V	35624	748
V	35690	748
V	35775	748
V	35840	748
V	35907	748
V	35993	748
V	36060	748
V	36126	748
V	36192	748
V	36259	748
V	36326	749
V	36412	749
V	36479	749
V	36546	749
V	36613	749
V	36680	749
V	36746	749
V	36831	749
V	36897	749
V	36964	749
V	37031	749
V	37098	749
V	37165	749
V	37231	749
V	37298	749
V	37365	749
V	37432	750
V	37518	750
V	37585	750
V	37652	750
V	37718	750
V	37783	750
V	37850	750
V	37935	750
V	38001	750
V	38068	750
V	38134	750
V	38199	750
V	38266	750
V	38333	750
V	38400	750
V	38486	750
V	38552	750
V	38619	751
V	38705	751
V	38771	751
V	38838	751
V	38904	751
V	38969	751
V	39036	751
V	39103	751
V	39170	751
V	39236	751
V	39301	751
V	39368	751
V	39435	751
V	39521	751
V	39588	751
V	39654	751
V	39721	752
V	39807	752
V	39874	752
V	39941	752
V	40007	752
V	40072	752
V	40139	752
V	40224	752
V	40290	752
V	40357	752
V	40442	752
V	40508	752
V	40593	752
V	40658	752
V	40725	752
V	40792	752
V	40859	752
V	40925	752
V	40992	753
V	41078	753
V	41144	753
V	41211	753
V	41277	753
V	41342	753
V	41409	753
V	41476	753
V	41543	753
V	41610	753
V	41677	753
V	41744	753
V	41811	753
V	41878	753
V	41944	753
V	42011	754
V	42077	754
V	42144	754
V	42211	754
V	42277	754
V	42344	754
V	42411	754
V	42478	754
V	42544	754
V	42610	754
V	42677	754
V	42744	754
V	42811	754
V	42877	754
V	42963	754
V	43030	755
V	43097	755
V	43164	755
V	43231	755
V	43297	755
V	43364	755
V	43431	755
V	43498	755
V	43564	755
V	43630	755
V	43697	755
V	43764	755
V	43831	755
V	43897	755
V	43964	756
V	44030	756
V	44097	756
V	44164	756
V	44231	756
V	44317	756
V	44384	756
V	44451	756
V	44518	756
V	44585	756
V	44652	756
V	44719	756
V	44784	756
V	44851	756
V	44918	756
V	44985	757
V	45052	757
V	45119	757
V	45186	757
V	45253	757
V	45320	757
V	45387	757
V	45454	757
V	45521	757
V	45588	757
V	45655	757
V	45740	757
V	45805	757
V	45872	757
V	45939	757
V	46025	757
V	46092	758
V	46158	758
V	46225	758
V	46311	758
V	46378	758
V	46445	758
V	46512	758
V	46579	758
V	46646	758
V	46713	758
V	46780	758
V	46847	758
V	46912	758
V	46979	758
V	47046	758
V	47113	759
V	47179	759
V	47246	759
V	47313	759
V	47380	759
V	47466	759
V	47533	759
V	47600	759
V	47667	759
V	47733	759
V	47800	759
V	47867	759
V	47934	759
V	48001	759
V	48087	759
V	48153	759
V	48220	760
V	48287	760
V	48354	760
V	48421	760
V	48488	760
V	48555	760
V	48622	760
V	48689	760
V	48755	760
V	48822	760
V	48889	760
V	48956	760
V	49023	760
V	49089	760
V	49156	761
V	49222	761
V	49288	761
V	49355	761
V	49422	761
V	49489	761
V	49556	761
V	49623	761
V	49689	761
V	49756	761
V	49823	761
V	49890	761
V	49957	761
V	50023	761
V	50090	762
V	50156	762
V	50223	762
V	50290	762
V	50357	762
V	50424	762
V	50491	762
V	50558	762
V	50625	762
V	50692	762
V	50759	762
V	50844	762
V	50909	762
V	50976	762
V	51043	762
V	51109	763
V	51176	763
V	51242	763
V	51309	763
V	51376	763
V	51443	763
V	51510	763
V	51577	763
V	51644	763
V	51711	763
V	51778	763
V	51843	763
V	51910	763
V	51977	763
V	52063	763
V	52129	764
V	52195	764
V	52260	764
V	52327	764
V	52394	764
V	52480	764
V	52547	764
V	52614	764
V	52681	764
V	52748	764
V	52815	764
V	52882	764
V	52947	764
V	53014	764
V	53081	764
V	53147	765
V	53233	765
V	53300	765
V	53367	765
V	53434	765
V	53501	765
V	53567	765
V	53653	765
V	53719	765
V	53785	765
V	53852	765
V	53919	765
V	53986	765
V	54053	765
V	54139	765
V	54205	765
V	54271	765
V	54338	766
V	54405	766
V	54472	766
V	54539	766
V	54606	766
V	54672	766
V	54739	766
V	54806	766
V	54873	766
V	54940	766
V	55007	766
V	55074	766
V	55140	766
V	55206	766
V	55273	767
V	55359	767
V	55426	767
V	55511	767
V	55577	767
V	55644	767
V	55711	767
V	55777	767
V	55863	767
V	55929	767
V	55995	767
V	56062	767
V	56129	767
V	56196	767
V	56263	767
V	56329	767
V	56395	767
V	56462	768
V	56548	768
V	56615	768
V	56682	768
V	56749	768
V	56816	768
V	56883	768
V	56969	768
V	57035	768
V	57101	768
V	57168	768
V	57235	768
V	57321	768
V	57388	768
V	57454	768
V	57521	768
V	57588	768
V	57653	769
V	57720	769
V	57805	769
V	57871	769
V	57938	769
V	58005	769
V	58072	769
V	58139	769
V	58206	769
V	58273	769
V	58340	769
V	58407	769
V	58473	769
V	58559	769
V	58626	769
V	58693	769
V	58758	770
V	58844	770
V	58911	770
V	58976	770
V	59043	770
V	59110	770
V	59177	770
V	59263	770
V	59329	770
V	59395	770
V	59481	770
V	59548	770
V	59634	770
V	59701	770
V	59768	770
V	59834	770
V	59901	770
V	59968	770
V	60033	771
V	60100	771
V	60167	771
V	60232	771
V	60318	771
V	60385	771
V	60451	771
V	60518	771
V	60604	771
V	60671	771
V	60738	771
V	60804	771
V	60871	771
V	60938	771
V	61005	771
V	61071	771
V	61157	771
V	61224	772
V	61290	772
V	61357	772
V	61424	772
V	61491	772
V	61558	772
V	61625	772
V	61692	772
V	61759	772
V	61826	772
V	61892	772
V	61958	772
V	62024	772
V	62091	772
V	62158	773
V	62225	773
V	62292	773
V	62359	773
V	62445	773
V	62512	773
V	62579	773
V	62646	773
V	62732	773
V	62799	773
V	62866	773
V	62933	773
V	62999	773
V	63065	773
V	63131	773
V	63198	773
V	63265	774
V	63331	774
V	63398	774
V	63465	774
V	63532	774
V	63599	774
V	63666	774
V	63733	774
V	63800	774
V	63867	774
V	63933	774
V	63999	774
V	64065	774
V	64132	774
V	64199	775
V	64266	775
V	64332	775
V	64418	775
V	64485	775
V	64552	775
V	64619	775
V	64686	775
V	64753	775
V	64820	775
V	64886	775
V	64953	775
V	65018	775
V	65082	775
V	65148	775
V	65214	776
V	65281	776
V	65348	776
V	65415	776
V	65481	776
V	65548	776
V	65614	776
V	65680	776
V	65747	776
V	65813	776
V	65880	776
V	65946	776
V	66013	776
V	66080	776
V	66166	776
V	66233	777
V	66300	777
V	66367	777
V	66453	777
V	66520	777
V	66586	777
V	66653	777
V	66720	777
V	66787	777
V	66854	777
V	66920	777
V	66987	777
V	67053	777
V	67120	777
V	67187	777
V	67254	778
V	67321	778
V	67387	778
V	67454	778
V	67520	778
V	67587	778
V	67653	778
V	67719	778
V	67786	778
V	67852	778
V	67919	778
V	67985	778
V	68052	778
V	68119	778
V	68186	779
V	68252	779
V	68319	779
V	68386	779
V	68453	779
V	68520	779
V	68586	779
V	68653	779
V	68718	779
V	68785	779
V	68851	779
V	68918	779
V	68985	779
V	69071	779
V	69138	779
V	69205	780
V	69272	780
V	69338	780
V	69423	780
V	69489	780
V	69556	780
V	69622	780
V	69689	780
V	69756	780
V	69821	780
V	69888	780
V	69955	780
V	70022	780
V	70089	780
V	70156	780
V	70223	781
V	70289	781
V	70356	781
V	70422	781
V	70489	781
V	70555	781
V	70621	781
V	70688	781
V	70774	781
V	70839	781
V	70906	781
V	70973	781
V	71059	781
V	71126	781
V	71193	781
V	71260	781
V	71327	782
V	71394	782
V	71461	782
V	71528	782
V	71594	782
V	71660	782
V	71726	782
V	71792	782
V	71859	782
V	71926	782
V	71993	782
V	72060	782
V	72127	782
V	72194	782
V	72258	783
V	72325	783
V	72392	783
V	72459	783
V	72545	783
V	72612	783
V	72678	783
V	72745	783
V	72812	783
V	72879	783
V	72946	783
V	73013	783
V	73080	783
V	73146	783
V	73211	783
V	73277	784
V	73344	784
V	73411	784
V	73478	784
V	73545	784
V	73611	784
V	73677	784
V	73743	784
V	73810	784
V	73877	784
V	73944	784
V	74011	784
V	74077	784
V	74142	784
V	74208	785
V	74274	785
V	74341	785
V	74408	785
V	74475	785
V	74542	785
V	74609	785
V	74695	785
V	74762	785
V	74829	785
V	74896	785
V	74982	785
V	75049	785
V	75114	785
V	75180	785
V	75246	785
V	75313	786
V	75380	786
V	75447	786
V	75512	786
V	75579	786
V	75645	786
V	75712	786
V	75778	786
V	75845	786
V	75910	786
V	75977	786
V	76043	786
V	76129	786
V	76196	786
V	76263	786
V	76330	787
V	76396	787
V	76463	787
V	76528	787
V	76595	787
V	76662	787
V	76729	787
V	76815	787
V	76882	787
V	76949	787
V	77014	787
V	77081	787
V	77147	787
V	77214	787
V	77281	787
V	77348	788
V	77415	788
V	77482	788
V	77547	788
V	77614	788
V	77680	788
V	77747	788
V	77813	788
V	77880	788
V	77945	788
V	78012	788
V	78078	788
V	78145	788
V	78212	788
V	78279	789
V	78345	789
V	78431	789
V	78497	789
V	78583	789
V	78650	789
V	78717	789
V	78783	789
V	78850	789
V	78917	789
V	78984	789
V	79051	789
V	79118	789
V	79183	789
V	79250	789
V	79317	789
V	79384	790
V	79451	790
V	79518	790
V	79585	790
V	79652	790
V	79718	790
V	79784	790
V	79851	790
V	79918	790
V	79985	790
V	80052	790
V	80117	790
V	80184	790
V	80251	790
V	80318	791
V	80384	791
V	80451	791
V	80518	791
V	80585	791
V	80651	791
V	80718	791
V	80785	791
V	80852	791
V	80919	791
V	80986	791
V	81051	791
V	81137	791
V	81204	791
V	81290	791
V	81357	791
V	81424	792
V	81490	792
V	81557	792
V	81624	792
V	81690	792
V	81757	792
V	81824	792
V	81891	792
V	81957	792
V	82023	792
V	82090	792
V	82157	792
V	82224	792
V	82290	792
V	82357	793
V	82423	793
V	82490	793
V	82557	793
V	82624	793
V	82691	793
V	82758	793
V	82824	793
V	82891	793
V	82958	793
V	83025	793
V	83091	793
V	83158	793
V	83225	793
V	83292	794
V	83359	794
V	83426	794
V	83493	794
V	83579	794
V	83646	794
V	83713	794
V	83780	794
V	83847	794
V	83914	794
V	83981	794
V	84048	794
V	84114	794
V	84181	794
V	84248	794
V	84315	795
V	84381	795
V	84448	795
V	84515	795
V	84582	795
V	84649	795
V	84716	795
V	84782	795
V	84849	795
V	84916	795
V	84983	795
V	85068	795
V	85134	795
V	85201	795
V	85268	795
V	85335	796
V	85402	796
V	85469	796
V	85536	796
V	85603	796
V	85670	796
V	85737	796
V	85804	796
V	85871	796
V	85937	796
V	86004	796
V	86070	796
V	86137	796
V	86204	796
V	86271	797
V	86338	797
V	86405	797
V	86472	797
V	86539	797
V	86606	797
V	86673	797
V	86740	797
V	86807	797
V	86872	797
V	86938	797
V	87004	797
V	87071	797
V	87138	797
V	87205	798
V	87272	798
V	87358	798
V	87424	798
V	87510	798
V	87577	798
V	87644	798
V	87710	798
V	87777	798
V	87843	798
V	87910	798
V	87977	798
V	88044	798
V	88111	798
V	88178	798
V	88245	798
V	88311	799
V	88378	799
V	88444	799
V	88511	799
V	88578	799
V	88645	799
V	88712	799
V	88779	799
V	88846	799
V	88913	799
V	88980	799
V	89047	799
V	89114	799
V	89181	799
V	89247	800
V	89314	800
V	89380	800
V	89447	800
V	89514	800
V	89580	800
V	89647	800
V	89713	800
V	89780	800
V	89847	800
V	89914	800
V	89981	800
V	90048	800
V	90115	800
V	90181	801
V	90248	801
V	90314	801
V	90381	801
V	90448	801
V	90515	801
V	90582	801
V	90649	801
V	90716	801
V	90783	801
V	90850	801
V	90917	801
V	90984	801
V	91051	801
V	91117	802
V	91184	802
V	91251	802
V	91318	802
V	91385	803
V	91471	803
V	91538	803
V	91604	803
V	91671	803
V	91738	804
V	91805	804
V	91870	804
V	91956	804
V	92023	804
V	92090	805
V	92174	805
V	92239	805
V	92304	805
V	92371	805
V	92438	805
V	92505	805
V	92572	806
V	92636	806
V	92701	806
V	92768	806
V	92834	806
V	92900	806
V	92967	807
V	93029	807
V	93094	807
V	93161	807
V	93226	807
V	93311	807
V	93376	807
V	93443	808
V	93509	808
V	93576	808
V	93643	808
V	93710	809
V	93775	809
V	93843	809
V	93910	809
V	93977	810
V	94043	810
V	94130	810
V	94198	810
V	94265	810
V	94332	811
V	94399	811
V	94465	811
V	94532	811
V	94599	812
V	94666	812
V	94734	812
V	94801	812
V	94887	812
V	94954	813
V	95021	813
V	95089	813
V	95156	813
V	95222	814
V	95289	814
V	95355	814
V	95422	814
V	95489	814
V	95554	814
V	95621	814
V	95688	814
V	95755	814
V	95822	814
V	95888	815
V	95955	815
V	96023	815
V	96090	815
V	96157	815
V	96224	815
V	96290	815
V	96357	816
V	96424	816
V	96492	816
V	96559	816
V	96626	816
V	96712	816
V	96779	816
V	96846	816
V	96912	817
V	96979	817
V	97047	817
V	97114	817
V	97181	817
V	97248	817
V	97315	817
V	97381	818
V	97448	818
V	97516	818
V	97602	818
V	97669	818
V	97735	818
V	97803	818
V	97870	818
V	97937	819
V	98003	819
V	98070	819
V	98137	819
V	98204	819
V	98272	819
V	98339	819
V	98406	820
V	98471	820
V	98539	820
V	98605	820
V	98672	820
V	98740	820
V	98807	820
V	98874	821
V	98940	821
V	99006	821
V	99072	821
V	99138	821
V	99206	821
V	99272	821
V	99338	822
V	99404	822
V	99468	822
V	99534	822
V	99620	822
V	99687	822
V	99753	822
V	99820	822
V	99886	822
V	99953	822
V	100020	822
V	100087	823
V	100154	823
V	100221	823
V	100288	823
V	100355	823
V	100423	823
V	100509	823
V	100576	823
V	100643	824
V	100729	824
V	100796	824
V	100883	824
V	100951	824
V	101018	824
V	101085	824
V	101153	824
V	101219	824
V	101286	825
V	101353	825
V	101420	825
V	101486	825
V	101552	825
V	101620	825
V	101686	825
V	101753	826
V	101820	826
V	101888	826
V	101954	826
V	102040	826
V	102107	826
V	102174	826
V	102241	826
V	102326	826
V	102392	827
V	102459	827
V	102527	827
V	102593	827
V	102660	827
V	102727	827
V	102794	827
V	102861	828
V	102928	828
V	102994	828
V	103061	828
V	103128	828
V	103195	828
V	103262	828
V	103329	829
V	103396	829
V	103464	829
V	103531	829
V	103597	829
V	103684	829
V	103752	829
V	103819	829
V	103886	830
V	103953	830
V	104020	830
V	104087	830
V	104154	830
V	104221	830
V	104288	830
V	104354	830
V	104420	830
V	104486	830
V	104552	831
V	104638	831
V	104705	831
V	104772	831
V	104839	831
V	104906	831
V	104973	831
V	105040	831
V	105106	831
V	105172	831
V	105238	831
V	105304	832
V	105371	832
V	105438	832
V	105505	832
V	105591	832
V	105658	832
V	105725	832
V	105792	832
V	105858	832
V	105924	832
V	105990	832
V	106056	833
V	106123	833
V	106190	833
V	106257	833
V	106324	833
V	106391	833
V	106477	833
V	106544	833
V	106610	833
V	106676	833
V	106742	833
V	106808	834
V	106875	834
V	106942	834
V	107009	834
V	107076	834
V	107143	834
V	107210	834
V	107276	834
V	107362	834
V	107428	834
V	107494	834
V	107560	835
V	107627	835
V	107694	835
V	107761	835
V	107828	835
V	107895	835
V	107962	835
V	108028	835
V	108094	835
V	108160	835
V	108226	836
V	108312	836
V	108379	836
V	108446	836
V	108513	836
V	108580	836
V	108647	836
V	108714	836
V	108780	836
V	108846	836
V	108912	836
V	108978	838
V	109045	838
V	109112	838
V	109179	838
V	109246	838
V	109313	838
V	109380	838
V	109446	838
V	109512	838
V	109578	838
V	109644	839
V	109730	839
V	109797	839
V	109864	839
V	109931	839
V	109998	839
V	110065	839
V	110132	839
V	110198	839
V	110264	839
V	110330	839
V	110396	840
V	110463	840
V	110530	840
V	110597	840
V	110683	840
V	110750	840
V	110817	840
V	110884	840
V	110950	840
V	111016	840
V	111082	840
V	111148	885
V	111215	885
V	111282	885
V	111349	885
V	111416	885
V	111483	885
V	111569	885
V	111636	885
V	111702	885
V	111769	885
V	111835	885
V	111901	886
V	111968	886
V	112035	886
V	112102	886
V	112169	886
V	112236	886
V	112303	886
V	112369	886
V	112455	886
V	112522	886
V	112588	886
V	112655	887
V	112722	887
V	112789	887
V	112856	887
V	112923	887
V	112990	887
V	113057	887
V	113123	887
V	113209	887
V	113276	887
V	113342	887
V	113408	888
V	113475	888
V	113542	888
V	113609	888
V	113676	888
V	113743	888
V	113810	888
V	113876	888
V	113943	888
V	114009	888
V	114075	889
V	114161	889
V	114228	889
V	114295	889
V	114362	889
V	114429	889
V	114496	889
V	114563	889
V	114629	889
V	114696	889
V	114762	889
V	114828	890
V	114895	890
V	114962	890
V	115029	890
V	115115	890
V	115182	890
V	115249	890
V	115316	890
V	115382	890
V	115449	890
V	115515	890
V	115581	891
V	115648	891
V	115715	891
V	115782	891
V	115849	891
V	115916	891
V	116002	891
V	116069	891
V	116135	891
V	116202	891
V	116268	891
V	116334	892
V	116401	892
V	116468	892
V	116535	892
V	116602	892
V	116669	892
V	116736	892
V	116802	892
V	116888	892
V	116955	892
V	117021	892
V	117087	893
V	117173	893
V	117240	893
V	117307	893
V	117374	893
V	117441	893
V	117508	893
V	117575	893
V	117641	893
V	117708	893
V	117774	893
V	117840	894
V	117907	894
V	117973	894
V	118040	895
V	118107	895
V	118174	895
V	118241	895
V	118308	895
V	118375	895
V	118461	895
V	118527	895
V	118593	895
V	118659	895
V	118725	895
V	118792	896
V	118859	896
V	118926	896
V	118993	896
V	119060	896
V	119127	896
V	119193	896
V	119259	896
V	119345	896
V	119411	896
V	119477	896
V	119544	897
V	119611	897
V	119678	897
V	119745	897
V	119812	897
V	119879	897
V	119946	897
V	120012	897
V	120079	897
V	120145	897
V	120212	898
V	120279	898
V	120346	898
V	120413	898
V	120499	898
V	120566	898
V	120633	898
V	120700	898
V	120766	898
V	120833	898
V	120899	898
V	120966	899
V	121033	899
V	121100	899
V	121167	899
V	121234	899
V	121301	899
V	121387	899
V	121454	899
V	121520	899
V	121587	899
V	121653	899
V	121720	900
V	121787	900
V	121854	900
V	121921	900
V	121988	900
V	122055	900
V	122122	900
V	122188	900
V	122255	900
V	122321	900
V	122388	901
V	122474	901
V	122541	901
V	122608	901
V	122675	901
V	122742	901
V	122809	901
V	122876	901
V	122942	901
V	123009	901
V	123075	901
V	123142	902
V	123209	902
V	123276	902
V	123343	902
V	123429	902
V	123496	902
V	123563	902
V	123630	902
V	123696	902
V	123763	902
V	123829	902
V	123896	903
V	123982	903
V	124049	903
V	124116	903
V	124183	903
V	124250	903
V	124317	903
V	124383	903
V	124449	903
V	124515	903
V	124581	903
V	124648	904
V	124715	904
V	124782	904
V	124849	904
V	124916	904
V	124983	904
V	125049	904
V	125115	904
V	125201	904
V	125267	904
V	125333	904
V	125399	905
V	125466	905
V	125533	905
V	125600	905
V	125667	905
V	125734	905
V	125800	905
V	125866	905
V	125932	905
V	125998	905
V	126064	906
V	126150	906
V	126217	906
V	126284	906
V	126351	906
V	126418	906
V	126485	906
V	126551	906
V	126617	906
V	126683	906
V	126749	906
V	126815	917
V	126882	917
V	126949	917
V	127016	917
V	127083	917
V	127150	917
V	127216	917
V	127282	917
V	127368	917
V	127434	917
V	127500	917
V	127567	918
V	127634	918
V	127701	918
V	127768	918
V	127835	918
V	127902	918
V	127968	918
V	128034	918
V	128100	918
V	128166	918
V	128233	919
V	128319	919
V	128386	919
V	128453	919
V	128520	919
V	128587	919
V	128654	919
V	128720	919
V	128786	919
V	128852	919
V	128918	919
V	128985	920
V	129052	920
V	129119	920
V	129186	920
V	129272	920
V	129339	920
V	129406	920
V	129472	920
V	129538	920
V	129604	920
V	129670	920
V	129737	924
V	129803	924
V	129870	924
V	129937	924
V	130004	924
V	130071	924
V	130138	924
V	130205	924
V	130271	924
V	130338	924
V	130405	925
V	130472	925
V	130558	925
V	130625	925
V	130692	925
V	130759	925
V	130826	925
V	130893	925
V	130960	925
V	131026	925
V	131093	925
V	131160	926
V	131227	926
V	131294	926
V	131380	926
V	131447	926
V	131514	926
V	131581	926
V	131648	926
V	131715	926
V	131781	926
V	131848	926
V	131915	927
V	131982	927
V	132049	927
V	132116	927
V	132183	927
V	132250	927
V	132336	927
V	132403	927
V	132469	927
V	132535	927
V	132601	927
V	132668	942
V	132735	942
V	132802	942
V	132869	942
V	132936	942
V	133003	942
V	133069	942
V	133136	942
V	133203	942
V	133269	942
V	133335	943
V	133402	943
V	133469	943
V	133536	943
V	133622	943
V	133689	943
V	133756	943
V	133823	943
V	133890	943
V	133957	943
V	134024	943
V	134091	944
V	134157	944
V	134224	944
V	134309	944
V	134375	944
V	134440	944
V	134507	944
V	134572	944
V	134638	944
V	134704	944
V	134771	944
V	134838	945
V	134903	945
V	134970	946
V	135037	946
V	135104	946
V	135189	946
V	135255	946
V	135321	947
V	135388	947
V	135456	947
V	135522	947
V	135588	949
V	135654	949
V	135721	949
V	135788	949
V	135873	949
V	135939	949
V	136006	950
V	136072	950
V	136139	950
V	136206	950
V	136270	950
V	136337	951
V	136404	951
V	136471	951
V	136538	951
V	136604	951
V	136671	953
V	136738	953
V	136805	953
V	136872	953
V	136939	953
V	137006	953
V	137073	953
V	137140	953
V	137207	953
V	137273	953
V	137339	953
V	137406	953
V	137491	953
V	137557	953
V	137624	953
V	137691	954
V	137758	954
V	137844	954
V	137911	954
V	137997	954
V	138064	954
V	138131	954
V	138198	954
V	138264	954
V	138331	954
V	138416	954
V	138482	954
V	138548	954
V	138613	954
V	138680	954
V	138746	954
V	138812	954
V	138878	955
V	138945	955
V	139012	955
V	139079	955
V	139146	955
V	139213	955
V	139280	955
V	139347	955
V	139413	955
V	139479	955
V	139544	955
V	139630	955
V	139697	955
V	139763	955
V	139829	955
V	139915	955
V	139981	956
V	140048	956
V	140115	956
V	140182	956
V	140249	956
V	140316	956
V	140382	956
V	140449	956
V	140516	956
V	140582	956
V	140647	956
V	140714	956
V	140780	956
V	140846	956
V	140912	957
V	140979	957
V	141046	957
V	141113	957
V	141180	957
V	141247	957
V	141313	957
V	141380	957
V	141447	957
V	141533	957
V	141600	957
V	141667	957
V	141734	957
V	141801	957
V	141868	957
V	141935	958
V	142001	958
V	142068	958
V	142135	958
V	142202	958
V	142268	958
V	142335	958
V	142401	958
V	142468	958
V	142533	958
V	142600	958
V	142667	958
V	142734	958
V	142801	958
V	142868	959
V	142934	959
V	143000	959
V	143067	959
V	143134	959
V	143200	959
V	143267	959
V	143333	959
V	143400	959
V	143467	959
V	143534	959
V	143601	959
V	143668	959
V	143735	959
V	143802	960
V	143869	960
V	143935	960
V	144002	960
V	144069	960
V	144136	960
V	144203	960
V	144269	960
V	144336	960
V	144403	960
V	144470	960
V	144556	960
V	144623	960
V	144690	960
V	144757	960
V	144824	961
V	144891	961
V	144958	961
V	145025	961
V	145092	961
V	145159	961
V	145226	961
V	145293	961
V	145359	961
V	145425	961
V	145510	961
V	145576	961
V	145643	961
V	145709	961
V	145775	961
V	145842	962
V	145908	962
V	145975	962
V	146042	962
V	146109	962
V	146175	962
V	146242	962
V	146309	962
V	146375	962
V	146461	962
V	146527	962
V	146593	962
V	146660	962
V	146726	962
V	146792	962
V	146859	963
V	146926	963
V	146993	963
V	147060	963
V	147127	963
V	147194	963
V	147261	963
V	147328	963
V	147394	963
V	147460	963
V	147526	963
V	147593	963
V	147659	963
V	147725	963
V	147792	964
V	147859	964
V	147925	964
V	147992	964
V	148059	964
V	148126	964
V	148193	964
V	148260	964
V	148327	964
V	148394	964
V	148461	964
V	148528	964
V	148595	964
V	148662	964
V	148747	964
V	148813	965
V	148880	965
V	148946	965
V	149013	965
V	149080	965
V	149147	965
V	149214	965
V	149281	965
V	149348	965
V	149434	965
V	149501	965
V	149568	965
V	149635	965
V	149702	965
V	149769	965
V	149835	966
V	149901	966
V	149968	966
V	150035	966
V	150102	966
V	150188	966
V	150255	966
V	150321	966
V	150388	966
V	150455	966
V	150520	966
V	150605	966
V	150671	966
V	150738	966
V	150803	966
V	150870	966
V	150935	967
V	151002	967
V	151069	967
V	151136	967
V	151203	967
V	151270	967
V	151337	967
V	151404	967
V	151471	967
V	151556	967
V	151621	967
V	151687	967
V	151754	967
V	151819	967
V	151886	967
V	151951	968
V	152017	968
V	152084	968
V	152151	968
V	152218	968
V	152284	968
V	152350	968
V	152416	968
V	152483	968
V	152548	968
V	152614	968
V	152681	968
V	152746	968
V	152813	968
V	152878	969
V	152944	969
V	153030	969
V	153096	969
V	153182	969
V	153249	969
V	153316	969
V	153383	969
V	153449	969
V	153515	969
V	153582	969
V	153649	969
V	153716	969
V	153802	969
V	153869	969
V	153936	969
V	154003	969
V	154070	970
V	154137	970
V	154202	970
V	154269	970
V	154336	970
V	154403	970
V	154470	970
V	154536	970
V	154603	970
V	154670	970
V	154737	970
V	154804	970
V	154871	970
V	154938	970
V	155023	970
V	155089	971
V	155174	971
V	155240	971
V	155305	971
V	155372	971
V	155458	971
V	155525	971
V	155592	971
V	155658	971
V	155744	971
V	155830	971
V	155896	971
V	155963	971
V	156030	971
V	156097	971
V	156164	971
V	156231	971
V	156298	971
V	156364	972
V	156431	972
V	156516	972
V	156581	972
V	156648	972
V	156715	972
V	156782	972
V	156849	972
V	156935	972
V	157002	972
V	157088	972
V	157155	972
V	157222	972
V	157289	972
V	157375	972
V	157442	972
V	157509	972
V	157576	972
V	157642	973
V	157708	973
V	157794	973
V	157861	973
V	157928	973
V	157995	973
V	158062	973
V	158129	973
V	158215	973
V	158282	973
V	158348	973
V	158415	973
V	158482	973
V	158549	973
V	158616	973
V	158683	973
V	158749	974
V	158816	974
V	158883	974
V	158949	974
V	159016	974
V	159083	974
V	159150	974
V	159217	974
V	159283	974
V	159349	974
V	159416	974
V	159483	974
V	159550	974
V	159616	974
V	159683	975
V	159749	975
V	159816	975
V	159882	975
V	159949	975
V	160016	975
V	160083	975
V	160169	975
V	160236	975
V	160302	975
V	160368	975
V	160435	975
V	160502	975
V	160569	975
V	160635	975
V	160702	976
V	160769	976
V	160854	976
V	160921	976
V	160987	976
V	161054	976
V	161121	976
V	161187	976
V	161254	976
V	161320	976
V	161386	976
V	161453	976
V	161520	976
V	161587	976
V	161653	976
V	161720	977
V	161787	977
V	161854	977
V	161920	977
V	161987	977
V	162054	977
V	162121	977
V	162188	977
V	162255	977
V	162322	977
V	162389	977
V	162455	977
V	162522	977
V	162589	977
V	162655	978
V	162722	978
V	162789	978
V	162856	978
V	162923	978
V	162990	978
V	163057	978
V	163124	978
V	163191	978
V	163256	978
V	163323	978
V	163390	978
V	163457	978
V	163524	978
V	163591	979
V	163657	979
V	163724	979
V	163791	979
V	163858	979
V	163924	979
V	163991	979
V	164077	979
V	164144	979
V	164211	979
V	164276	979
V	164343	979
V	164410	979
V	164477	979
V	164544	979
V	164630	979
V	164697	980
V	164783	980
V	164850	980
V	164917	980
V	164983	980
V	165050	980
V	165135	980
V	165201	980
V	165268	980
V	165333	980
V	165400	980
V	165467	980
V	165553	980
V	165619	980
V	165686	980
V	165753	980
V	165820	980
V	165886	981
V	165953	981
V	166019	981
V	166086	981
V	166151	981
V	166218	981
V	166285	981
V	166352	981
V	166417	981
V	166484	981
V	166551	981
V	166637	981
V	166704	981
V	166771	981
V	166838	981
V	166905	982
V	166991	982
V	167058	982
V	167124	982
V	167191	982
V	167256	982
V	167341	982
V	167407	982
V	167474	982
V	167541	982
V	167606	982
V	167673	982
V	167740	982
V	167807	982
V	167874	982
V	167941	982
V	168008	983
V	168075	983
V	168160	983
V	168226	983
V	168293	983
V	168358	983
V	168425	983
V	168492	983
V	168559	983
V	168624	983
V	168691	983
V	168758	983
V	168825	983
V	168892	983
V	168959	983
V	169026	984
V	169093	984
V	169160	984
V	169227	984
V	169294	984
V	169361	984
V	169428	984
V	169495	984
V	169561	984
V	169628	984
V	169695	984
V	169781	984
V	169848	984
V	169912	984
V	169978	984
V	170045	985
V	170112	985
V	170179	985
V	170265	985
V	170331	985
V	170398	985
V	170464	985
V	170531	985
V	170598	985
V	170665	985
V	170751	985
V	170817	985
V	170883	985
V	170949	985
V	171016	985
V	171083	985
V	171150	986
V	171217	986
V	171284	986
V	171350	986
V	171417	986
V	171484	986
V	171551	986
V	171618	986
V	171685	986
V	171751	986
V	171836	986
V	171902	986
V	171968	986
V	172035	986
V	172102	986
V	172169	987
V	172236	987
V	172303	987
V	172369	987
V	172436	987
V	172502	987
V	172569	987
V	172636	987
V	172703	987
V	172769	987
V	172835	987
V	172901	987
V	172968	987
V	173035	987
V	173102	988
V	173169	988
V	173236	988
V	173302	988
V	173369	988
V	173436	988
V	173503	988
V	173569	988
V	173636	988
V	173703	988
V	173769	988
V	173835	988
V	173902	988
V	173969	988
V	174036	989
V	174102	989
V	174169	989
V	174236	989
V	174303	989
V	174370	989
V	174437	989
V	174504	989
V	174571	989
V	174637	989
V	174704	989
V	174769	989
V	174836	989
V	174902	989
V	174969	990
V	175036	990
V	175102	990
V	175168	990
V	175235	990
V	175302	990
V	175368	990
V	175435	990
V	175502	990
V	175568	990
V	175635	990
V	175701	990
V	175768	990
V	175835	990
V	175902	991
V	175968	991
V	176034	991
V	176100	991
V	176167	991
V	176234	991
V	176301	991
V	176368	991
V	176435	991
V	176501	991
V	176568	991
V	176634	991
V	176701	991
V	176768	991
V	176835	992
V	176902	992
V	176968	992
V	177034	992
V	177101	992
V	177168	992
V	177234	992
V	177301	992
V	177367	992
V	177433	992
V	177500	992
V	177585	992
V	177651	992
V	177718	992
V	177785	992
V	177852	993
V	177918	993
V	177984	993
V	178050	993
V	178117	993
V	178184	993
V	178251	993
V	178318	993
V	178383	993
V	178450	993
V	178517	993
V	178583	993
V	178650	993
V	178717	993
V	178784	994
V	178850	994
V	178917	995
V	178983	995
V	179050	996
V	179116	996
V	179183	997
V	179250	997
V	179317	997
V	179384	997
V	179451	997
V	179517	997
V	179584	997
V	179651	997
V	179718	997
V	179785	997
V	179852	997
V	179919	997
V	179984	997
V	180049	997
V	180116	998
V	180183	998
V	180250	998
V	180317	998
V	180384	998
V	180450	998
V	180516	998
V	180582	998
V	180668	998
V	180735	998
V	180821	998
V	180888	998
V	180955	998
V	181022	998
V	181087	998
V	181152	998
V	181219	999
V	181286	999
V	181352	999
V	181438	999
V	181505	999
V	181572	999
V	181638	999
V	181705	999
V	181772	999
V	181839	999
V	181906	999
V	181973	999
V	182040	999
V	182105	999
V	182190	999
V	182255	999