\P\	Pos	ComponentID\
T	5	5
N	0	0
#
V	269	749
V	332	750
V	414	750
V	476	751
V	539	752
V	603	753
V	686	753
V	750	754
V	814	755
V	878	756
V	942	757
V	1006	758
V	1070	759
V	1134	760
V	1198	761
V	1262	762
V	1326	763
V	1390	764
V	1454	765
V	1518	766
V	1582	767
V	1646	768
V	1729	768
V	1793	769
V	1857	770
V	1921	771
V	1985	772
V	2049	773
V	2113	774
V	2177	775
V	2238	776
V	2302	777
V	2366	778
V	2430	779
V	2494	780
V	2557	781
V	2619	782
V	2683	783
V	2746	784
V	2810	785
V	2871	786
V	2935	787
V	2999	788
V	3063	789
V	3127	790
V	3191	791
V	3255	792
V	3319	793
V	3383	794
V	3447	795
V	3511	796
V	3574	797
V	3657	797
V	3720	798
V	3784	799
V	3848	800
V	3911	801
V	3973	953
V	4037	954
V	4101	955
V	4165	956
V	4229	957
V	4293	958
V	4357	959
V	4421	960
V	4485	961
V	4549	962
V	4613	963
V	4677	964
V	4740	965
V	4804	966
V	4868	967
V	4932	968
V	4996	969
V	5060	970
V	5123	971
V	5185	972
V	5268	972
V	5331	973
V	5395	974
V	5457	975
V	5520	976
V	5584	977
V	5647	978
V	5711	979
V	5775	980
V	5839	981
V	5902	982
V	5964	983
V	6027	984
V	6091	985
V	6155	986
V	6219	987
V	6283	988
V	6347	989
V	6408	990
V	6472	991
V	6536	992
V	6600	993
V	6663	997
V	6726	998
V	6790	999
V	6873	999
V	6937	2
V	7001	461
V	7066	504
V	7130	505
V	7194	486
V	7261	486
V	7328	483
V	7394	482
V	7461	482
V	7528	482
V	7595	482
V	7662	486
V	7728	487
V	7794	485
V	7861	523
V	7927	525
V	7994	524
V	8060	526
V	8127	497
V	8194	528
V	8261	530
V	8328	908
V	8395	497
V	8462	528
V	8529	530
V	8596	909
V	8663	497
V	8729	528
V	8796	530
V	8863	910
V	8930	497
V	8995	528
V	9062	530
V	9129	911
V	9214	911
V	9280	497
V	9366	497
V	9432	528
V	9499	530
V	9566	912
V	9633	497
V	9700	528
V	9766	530
V	9833	913
V	9900	497
V	9967	528
V	10033	530
V	10099	914
V	10166	497
V	10233	528
V	10299	530
V	10365	915
V	10432	497
V	10499	528
V	10566	530
V	10652	530
V	10718	916
V	10784	477
V	10851	487
V	10918	484
V	11004	484
V	11071	478
V	11137	482
V	11203	324
V	11270	325
V	11337	326
V	11404	327
V	11471	399
V	11538	492
V	11624	492
V	11691	532
V	11757	533
V	11823	534
V	11889	804
V	11955	324
V	12021	325
V	12088	326
V	12155	327
V	12222	399
V	12289	493
V	12355	532
V	12421	533
V	12488	534
V	12554	804
V	12620	324
V	12687	325
V	12754	326
V	12821	327
V	12888	399
V	12955	493
V	13040	493
V	13106	532
V	13172	533
V	13238	534
V	13304	804
V	13370	324
V	13437	325
V	13504	326
V	13571	327
V	13657	327
V	13724	399
V	13791	493
V	13857	532
V	13923	533
V	13989	534
V	14055	804
V	14121	324
V	14188	325
V	14255	326
V	14322	327
V	14389	399
V	14456	493
V	14541	493
V	14607	532
V	14673	533
V	14739	534
V	14805	804
V	14871	324
V	14938	325
V	15005	326
V	15072	327
V	15139	399
V	15206	493
V	15272	532
V	15338	533
V	15424	533
V	15490	534
V	15556	804
V	15622	324
V	15689	325
V	15756	326
V	15823	327
V	15890	399
V	15957	493
V	16023	532
V	16089	533
V	16155	534
V	16221	804
V	16287	324
V	16354	325
V	16421	326
V	16488	327
V	16555	399
V	16622	492
V	16689	532
V	16755	533
V	16841	533
V	16907	534
V	16973	802
V	17040	324
V	17107	325
V	17174	326
V	17241	327
V	17308	399
V	17375	492
V	17442	532
V	17508	533
V	17574	534
V	17640	802
V	17707	324
V	17793	324
V	17860	325
V	17927	326
V	17994	327
V	18061	399
V	18128	492
V	18195	532
V	18261	533
V	18327	534
V	18393	802
V	18460	324
V	18527	325
V	18594	326
V	18661	327
V	18747	327
V	18814	399
V	18881	493
V	18947	532
V	19013	533
V	19079	534
V	19145	802
V	19212	324
V	19279	325
V	19346	326
V	19413	327
V	19480	399
V	19547	493
V	19632	493
V	19698	532
V	19764	533
V	19830	534
V	19896	802
V	19963	324
V	20030	325
V	20097	326
V	20164	327
V	20231	399
V	20298	493
V	20364	532
V	20430	533
V	20516	533
V	20582	534
V	20648	802
V	20715	324
V	20801	324
V	20868	325
V	20935	326
V	21002	327
V	21069	399
V	21136	493
V	21202	532
V	21268	533
V	21334	534
V	21400	802
V	21467	324
V	21534	325
V	21601	326
V	21668	327
V	21754	327
V	21821	399
V	21888	493
V	21954	532
V	22020	533
V	22086	534
V	22152	802
V	22219	324
V	22286	325
V	22353	326
V	22420	327
V	22487	399
V	22554	493
V	22639	493
V	22705	532
V	22771	533
V	22837	534
V	22903	802
V	22970	324
V	23037	325
V	23104	326
V	23171	327
V	23257	327
V	23324	399
V	23391	493
V	23457	532
V	23523	533
V	23589	534
V	23655	803
V	23721	324
V	23788	325
V	23855	326
V	23922	327
V	23989	399
V	24056	493
V	24141	493
V	24207	532
V	24273	533
V	24339	534
V	24405	803
V	24471	324
V	24538	325
V	24605	326
V	24672	327
V	24739	399
V	24806	493
V	24872	532
V	24938	533
V	25024	533
V	25090	534
V	25156	803
V	25222	324
V	25308	324
V	25375	325
V	25442	326
V	25509	327
V	25576	399
V	25643	493
V	25709	532
V	25775	533
V	25841	534
V	25907	803
V	25973	324
V	26040	325
V	26107	326
V	26174	327
V	26260	327
V	26327	399
V	26394	493
V	26460	532
V	26526	533
V	26592	534
V	26658	803
V	26724	324
V	26791	325
V	26858	326
V	26925	327
V	26992	399
V	27059	492
V	27126	532
V	27192	533
V	27258	534
V	27324	802
V	27391	324
V	27477	324
V	27544	325
V	27611	326
V	27678	327
V	27745	399
V	27812	492
V	27879	532
V	27945	533
V	28011	534
V	28077	802
V	28144	324
V	28211	325
V	28278	326
V	28345	327
V	28431	327
V	28498	399
V	28565	492
V	28632	532
V	28698	533
V	28764	534
V	28830	802
V	28897	324
V	28964	325
V	29031	326
V	29098	327
V	29165	399
V	29232	494
V	29298	532
V	29364	533
V	29450	533
V	29516	534
V	29582	804
V	29648	324
V	29715	325
V	29782	326
V	29849	327
V	29916	399
V	29983	494
V	30049	532
V	30115	533
V	30181	534
V	30247	804
V	30313	324
V	30399	324
V	30466	325
V	30533	326
V	30600	327
V	30667	399
V	30734	494
V	30800	532
V	30866	533
V	30932	534
V	30998	804
V	31064	324
V	31131	325
V	31198	326
V	31265	327
V	31351	327
V	31418	399
V	31485	494
V	31551	532
V	31617	533
V	31683	534
V	31749	804
V	31815	324
V	31882	325
V	31949	326
V	32016	327
V	32083	399
V	32150	492
V	32217	532
V	32283	533
V	32349	534
V	32415	804
V	32481	324
V	32567	324
V	32634	325
V	32701	326
V	32768	327
V	32835	399
V	32902	492
V	32969	532
V	33035	533
V	33101	534
V	33167	804
V	33233	324
V	33300	325
V	33367	326
V	33434	327
V	33520	327
V	33587	399
V	33654	492
V	33721	532
V	33787	533
V	33853	534
V	33919	804
V	33985	324
V	34052	325
V	34119	326
V	34186	327
V	34253	399
V	34320	492
V	34406	492
V	34473	532
V	34539	533
V	34605	534
V	34671	804
V	34737	324
V	34804	325
V	34871	326
V	34938	327
V	35005	399
V	35072	492
V	35139	532
V	35225	532
V	35292	533
V	35359	534
V	35426	804
V	35491	324
V	35557	325
V	35624	326
V	35690	327
V	35775	327
V	35840	399
V	35907	494
V	35993	494
V	36060	532
V	36126	533
V	36192	534
V	36259	804
V	36326	519
V	36412	519
V	36479	717
V	36546	807
V	36613	813
V	36680	820
V	36746	828
V	36831	828
V	36897	894
V	36964	907
V	37031	940
V	37098	945
V	37165	948
V	37231	951
V	37298	952
V	37365	996
V	37432	519
V	37518	519
V	37585	718
V	37652	807
V	37718	813
V	37783	820
V	37850	828
V	37935	828
V	38001	894
V	38068	907
V	38134	940
V	38199	945
V	38266	948
V	38333	951
V	38400	952
V	38486	952
V	38552	996
V	38619	519
V	38705	519
V	38771	719
V	38838	807
V	38904	813
V	38969	820
V	39036	828
V	39103	894
V	39170	907
V	39236	940
V	39301	945
V	39368	948
V	39435	951
V	39521	951
V	39588	952
V	39654	996
V	39721	519
V	39807	519
V	39874	720
V	39941	807
V	40007	813
V	40072	820
V	40139	828
V	40224	828
V	40290	894
V	40357	907
V	40442	907
V	40508	940
V	40593	940
V	40658	945
V	40725	948
V	40792	951
V	40859	952
V	40925	996
V	40992	519
V	41078	519
V	41144	721
V	41211	807
V	41277	813
V	41342	820
V	41409	828
V	41476	894
V	41543	907
V	41610	940
V	41677	945
V	41744	948
V	41811	951
V	41878	952
V	41944	996
V	42011	518
V	42077	734
V	42144	806
V	42211	812
V	42277	819
V	42344	827
V	42411	894
V	42478	907
V	42544	939
V	42610	945
V	42677	948
V	42744	950
V	42811	952
V	42877	995
V	42963	995
V	43030	518
V	43097	735
V	43164	806
V	43231	812
V	43297	819
V	43364	827
V	43431	894
V	43498	907
V	43564	939
V	43630	945
V	43697	948
V	43764	950
V	43831	952
V	43897	995
V	43964	518
V	44030	731
V	44097	806
V	44164	812
V	44231	819
V	44317	819
V	44384	827
V	44451	894
V	44518	907
V	44585	939
V	44652	945
V	44719	948
V	44784	950
V	44851	952
V	44918	995
V	44985	518
V	45052	732
V	45119	806
V	45186	812
V	45253	819
V	45320	827
V	45387	894
V	45454	907
V	45521	939
V	45588	945
V	45655	948
V	45740	948
V	45805	950
V	45872	952
V	45939	995
V	46025	995
V	46092	518
V	46158	733
V	46225	806
V	46311	806
V	46378	812
V	46445	819
V	46512	827
V	46579	894
V	46646	907
V	46713	939
V	46780	945
V	46847	948
V	46912	950
V	46979	952
V	47046	995
V	47113	517
V	47179	728
V	47246	806
V	47313	811
V	47380	818
V	47466	818
V	47533	826
V	47600	894
V	47667	907
V	47733	938
V	47800	945
V	47867	948
V	47934	950
V	48001	952
V	48087	952
V	48153	994
V	48220	517
V	48287	729
V	48354	806
V	48421	811
V	48488	818
V	48555	826
V	48622	894
V	48689	907
V	48755	938
V	48822	945
V	48889	948
V	48956	950
V	49023	952
V	49089	994
V	49156	517
V	49222	730
V	49288	806
V	49355	811
V	49422	818
V	49489	826
V	49556	894
V	49623	907
V	49689	938
V	49756	945
V	49823	948
V	49890	950
V	49957	952
V	50023	994
V	50090	517
V	50156	725
V	50223	806
V	50290	811
V	50357	818
V	50424	826
V	50491	894
V	50558	907
V	50625	938
V	50692	945
V	50759	948
V	50844	948
V	50909	950
V	50976	952
V	51043	994
V	51109	517
V	51176	726
V	51242	806
V	51309	811
V	51376	818
V	51443	826
V	51510	894
V	51577	907
V	51644	938
V	51711	945
V	51778	948
V	51843	950
V	51910	952
V	51977	994
V	52063	994
V	52129	517
V	52195	727
V	52260	806
V	52327	811
V	52394	818
V	52480	818
V	52547	826
V	52614	894
V	52681	907
V	52748	938
V	52815	945
V	52882	948
V	52947	950
V	53014	952
V	53081	994
V	53147	517
V	53233	517
V	53300	722
V	53367	806
V	53434	811
V	53501	818
V	53567	826
V	53653	826
V	53719	894
V	53785	907
V	53852	938
V	53919	945
V	53986	948
V	54053	950
V	54139	950
V	54205	952
V	54271	994
V	54338	517
V	54405	723
V	54472	806
V	54539	811
V	54606	818
V	54672	826
V	54739	894
V	54806	907
V	54873	938
V	54940	945
V	55007	948
V	55074	950
V	55140	952
V	55206	994
V	55273	517
V	55359	517
V	55426	724
V	55511	724
V	55577	806
V	55644	811
V	55711	818
V	55777	826
V	55863	826
V	55929	894
V	55995	907
V	56062	938
V	56129	945
V	56196	948
V	56263	950
V	56329	952
V	56395	994
V	56462	517
V	56548	517
V	56615	736
V	56682	806
V	56749	811
V	56816	818
V	56883	826
V	56969	826
V	57035	894
V	57101	907
V	57168	938
V	57235	945
V	57321	945
V	57388	948
V	57454	950
V	57521	952
V	57588	994
V	57653	517
V	57720	737
V	57805	737
V	57871	806
V	57938	811
V	58005	818
V	58072	826
V	58139	894
V	58206	907
V	58273	938
V	58340	945
V	58407	948
V	58473	950
V	58559	950
V	58626	952
V	58693	994
V	58758	517
V	58844	517
V	58911	738
V	58976	806
V	59043	811
V	59110	818
V	59177	826
V	59263	826
V	59329	894
V	59395	907
V	59481	907
V	59548	938
V	59634	938
V	59701	945
V	59768	948
V	59834	950
V	59901	952
V	59968	994
V	60033	516
V	60100	748
V	60167	807
V	60232	810
V	60318	810
V	60385	817
V	60451	825
V	60518	894
V	60604	894
V	60671	907
V	60738	937
V	60804	945
V	60871	948
V	60938	951
V	61005	952
V	61071	996
V	61157	996
V	61224	516
V	61290	739
V	61357	807
V	61424	810
V	61491	817
V	61558	825
V	61625	894
V	61692	907
V	61759	937
V	61826	945
V	61892	948
V	61958	951
V	62024	952
V	62091	996
V	62158	516
V	62225	740
V	62292	807
V	62359	810
V	62445	810
V	62512	817
V	62579	825
V	62646	894
V	62732	894
V	62799	907
V	62866	937
V	62933	945
V	62999	948
V	63065	951
V	63131	952
V	63198	996
V	63265	516
V	63331	741
V	63398	807
V	63465	810
V	63532	817
V	63599	825
V	63666	894
V	63733	907
V	63800	937
V	63867	945
V	63933	948
V	63999	951
V	64065	952
V	64132	996
V	64199	516
V	64266	747
V	64332	807
V	64418	807
V	64485	810
V	64552	817
V	64619	825
V	64686	894
V	64753	907
V	64820	937
V	64886	945
V	64953	948
V	65018	951
V	65082	952
V	65148	996
V	65214	516
V	65281	743
V	65348	807
V	65415	810
V	65481	817
V	65548	825
V	65614	894
V	65680	907
V	65747	937
V	65813	945
V	65880	948
V	65946	951
V	66013	952
V	66080	996
V	66166	996
V	66233	516
V	66300	744
V	66367	807
V	66453	807
V	66520	810
V	66586	817
V	66653	825
V	66720	894
V	66787	907
V	66854	937
V	66920	945
V	66987	948
V	67053	951
V	67120	952
V	67187	996
V	67254	516
V	67321	745
V	67387	807
V	67454	810
V	67520	817
V	67587	825
V	67653	894
V	67719	907
V	67786	937
V	67852	945
V	67919	948
V	67985	951
V	68052	952
V	68119	996
V	68186	516
V	68252	748
V	68319	806
V	68386	810
V	68453	816
V	68520	824
V	68586	894
V	68653	907
V	68718	936
V	68785	945
V	68851	948
V	68918	950
V	68985	952
V	69071	952
V	69138	995
V	69205	516
V	69272	739
V	69338	806
V	69423	806
V	69489	810
V	69556	816
V	69622	824
V	69689	894
V	69756	907
V	69821	936
V	69888	945
V	69955	948
V	70022	950
V	70089	952
V	70156	995
V	70223	516
V	70289	742
V	70356	806
V	70422	810
V	70489	816
V	70555	824
V	70621	894
V	70688	905
V	70774	907
V	70839	936
V	70906	945
V	70973	948
V	71059	948
V	71126	950
V	71193	952
V	71260	995
V	71327	516
V	71394	747
V	71461	806
V	71528	810
V	71594	816
V	71660	824
V	71726	894
V	71792	907
V	71859	936
V	71926	945
V	71993	948
V	72060	950
V	72127	952
V	72194	995
V	72258	516
V	72325	743
V	72392	806
V	72459	810
V	72545	810
V	72612	816
V	72678	824
V	72745	894
V	72812	907
V	72879	936
V	72946	945
V	73013	948
V	73080	950
V	73146	952
V	73211	995
V	73277	516
V	73344	746
V	73411	806
V	73478	810
V	73545	816
V	73611	824
V	73677	894
V	73743	907
V	73810	936
V	73877	945
V	73944	948
V	74011	950
V	74077	952
V	74142	995
V	74208	515
V	74274	806
V	74341	809
V	74408	814
V	74475	816
V	74542	824
V	74609	894
V	74695	894
V	74762	907
V	74829	936
V	74896	945
V	74982	945
V	75049	948
V	75114	950
V	75180	952
V	75246	995
V	75313	515
V	75380	806
V	75447	809
V	75512	816
V	75579	824
V	75645	830
V	75712	894
V	75778	907
V	75845	936
V	75910	945
V	75977	948
V	76043	950
V	76129	950
V	76196	952
V	76263	995
V	76330	515
V	76396	806
V	76463	809
V	76528	816
V	76595	824
V	76662	831
V	76729	894
V	76815	894
V	76882	907
V	76949	936
V	77014	945
V	77081	948
V	77147	950
V	77214	952
V	77281	995
V	77348	515
V	77415	806
V	77482	809
V	77547	816
V	77614	824
V	77680	832
V	77747	894
V	77813	907
V	77880	936
V	77945	945
V	78012	948
V	78078	950
V	78145	952
V	78212	995
V	78279	519
V	78345	718
V	78431	718
V	78497	806
V	78583	806
V	78650	813
V	78717	820
V	78783	828
V	78850	894
V	78917	907
V	78984	940
V	79051	945
V	79118	948
V	79183	950
V	79250	952
V	79317	996
V	79384	519
V	79451	719
V	79518	806
V	79585	813
V	79652	820
V	79718	828
V	79784	894
V	79851	907
V	79918	940
V	79985	945
V	80052	948
V	80117	950
V	80184	952
V	80251	996
V	80318	519
V	80384	720
V	80451	806
V	80518	813
V	80585	820
V	80651	828
V	80718	894
V	80785	907
V	80852	940
V	80919	945
V	80986	948
V	81051	950
V	81137	950
V	81204	952
V	81290	952
V	81357	996
V	81424	519
V	81490	706
V	81557	806
V	81624	813
V	81690	820
V	81757	828
V	81824	894
V	81891	907
V	81957	940
V	82023	945
V	82090	948
V	82157	950
V	82224	952
V	82290	996
V	82357	519
V	82423	806
V	82490	813
V	82557	820
V	82624	828
V	82691	838
V	82758	894
V	82824	907
V	82891	940
V	82958	945
V	83025	948
V	83091	950
V	83158	952
V	83225	996
V	83292	519
V	83359	806
V	83426	813
V	83493	820
V	83579	820
V	83646	828
V	83713	839
V	83780	894
V	83847	907
V	83914	940
V	83981	945
V	84048	948
V	84114	950
V	84181	952
V	84248	996
V	84315	519
V	84381	806
V	84448	813
V	84515	820
V	84582	828
V	84649	840
V	84716	894
V	84782	907
V	84849	940
V	84916	945
V	84983	948
V	85068	948
V	85134	950
V	85201	952
V	85268	996
V	85335	519
V	85402	680
V	85469	806
V	85536	813
V	85603	820
V	85670	828
V	85737	894
V	85804	907
V	85871	940
V	85937	945
V	86004	948
V	86070	950
V	86137	952
V	86204	996
V	86271	518
V	86338	806
V	86405	812
V	86472	819
V	86539	822
V	86606	827
V	86673	894
V	86740	907
V	86807	939
V	86872	945
V	86938	948
V	87004	950
V	87071	952
V	87138	994
V	87205	518
V	87272	806
V	87358	806
V	87424	812
V	87510	812
V	87577	819
V	87644	827
V	87710	833
V	87777	894
V	87843	907
V	87910	939
V	87977	945
V	88044	948
V	88111	950
V	88178	952
V	88245	994
V	88311	518
V	88378	806
V	88444	812
V	88511	819
V	88578	827
V	88645	834
V	88712	894
V	88779	907
V	88846	939
V	88913	945
V	88980	948
V	89047	950
V	89114	952
V	89181	994
V	89247	518
V	89314	806
V	89380	812
V	89447	819
V	89514	827
V	89580	835
V	89647	894
V	89713	907
V	89780	939
V	89847	945
V	89914	948
V	89981	950
V	90048	952
V	90115	994
V	90181	518
V	90248	806
V	90314	812
V	90381	819
V	90448	827
V	90515	836
V	90582	894
V	90649	907
V	90716	939
V	90783	945
V	90850	948
V	90917	950
V	90984	952
V	91051	994
V	91117	316
V	91184	331
V	91251	350
V	91318	531
V	91385	316
V	91471	316
V	91538	331
V	91604	350
V	91671	531
V	91738	316
V	91805	331
V	91870	350
V	91956	350
V	92023	531
V	92090	1
V	92174	1
V	92239	4
V	92304	323
V	92371	402
V	92438	459
V	92505	462
V	92572	1
V	92636	4
V	92701	323
V	92768	402
V	92834	459
V	92900	462
V	92967	1
V	93029	4
V	93094	323
V	93161	402
V	93226	459
V	93311	459
V	93376	462
V	93443	328
V	93509	356
V	93576	398
V	93643	529
V	93710	328
V	93775	357
V	93843	398
V	93910	529
V	93977	328
V	94043	358
V	94130	358
V	94198	398
V	94265	529
V	94332	329
V	94399	356
V	94465	398
V	94532	529
V	94599	329
V	94666	357
V	94734	398
V	94801	529
V	94887	529
V	94954	329
V	95021	358
V	95089	398
V	95156	529
V	95222	324
V	95289	325
V	95355	326
V	95422	327
V	95489	399
V	95554	492
V	95621	532
V	95688	533
V	95755	534
V	95822	803
V	95888	400
V	95955	490
V	96023	506
V	96090	507
V	96157	527
V	96224	921
V	96290	928
V	96357	401
V	96424	490
V	96492	506
V	96559	508
V	96626	527
V	96712	527
V	96779	921
V	96846	929
V	96912	401
V	96979	491
V	97047	506
V	97114	509
V	97181	527
V	97248	921
V	97315	930
V	97381	400
V	97448	490
V	97516	506
V	97602	506
V	97669	510
V	97735	527
V	97803	922
V	97870	931
V	97937	401
V	98003	490
V	98070	506
V	98137	511
V	98204	527
V	98272	922
V	98339	932
V	98406	401
V	98471	491
V	98539	506
V	98605	512
V	98672	527
V	98740	922
V	98807	933
V	98874	401
V	98940	490
V	99006	506
V	99072	513
V	99138	527
V	99206	923
V	99272	934
V	99338	324
V	99404	325
V	99468	326
V	99534	327
V	99620	327
V	99687	399
V	99753	496
V	99820	532
V	99886	533
V	99953	534
V	100020	803
V	100087	400
V	100154	490
V	100221	506
V	100288	507
V	100355	527
V	100423	921
V	100509	921
V	100576	928
V	100643	401
V	100729	401
V	100796	490
V	100883	490
V	100951	506
V	101018	508
V	101085	527
V	101153	921
V	101219	929
V	101286	401
V	101353	491
V	101420	506
V	101486	509
V	101552	527
V	101620	921
V	101686	930
V	101753	400
V	101820	490
V	101888	506
V	101954	510
V	102040	510
V	102107	527
V	102174	922
V	102241	931
V	102326	931
V	102392	401
V	102459	490
V	102527	506
V	102593	511
V	102660	527
V	102727	922
V	102794	932
V	102861	401
V	102928	491
V	102994	506
V	103061	512
V	103128	527
V	103195	922
V	103262	933
V	103329	401
V	103396	490
V	103464	506
V	103531	513
V	103597	527
V	103684	527
V	103752	923
V	103819	934
V	103886	324
V	103953	325
V	104020	326
V	104087	327
V	104154	399
V	104221	492
V	104288	532
V	104354	533
V	104420	534
V	104486	803
V	104552	324
V	104638	324
V	104705	325
V	104772	326
V	104839	327
V	104906	399
V	104973	492
V	105040	532
V	105106	533
V	105172	534
V	105238	803
V	105304	324
V	105371	325
V	105438	326
V	105505	327
V	105591	327
V	105658	399
V	105725	492
V	105792	532
V	105858	533
V	105924	534
V	105990	803
V	106056	324
V	106123	325
V	106190	326
V	106257	327
V	106324	399
V	106391	496
V	106477	496
V	106544	532
V	106610	533
V	106676	534
V	106742	803
V	106808	324
V	106875	325
V	106942	326
V	107009	327
V	107076	399
V	107143	496
V	107210	532
V	107276	533
V	107362	533
V	107428	534
V	107494	803
V	107560	324
V	107627	325
V	107694	326
V	107761	327
V	107828	399
V	107895	496
V	107962	532
V	108028	533
V	108094	534
V	108160	803
V	108226	324
V	108312	324
V	108379	325
V	108446	326
V	108513	327
V	108580	399
V	108647	496
V	108714	532
V	108780	533
V	108846	534
V	108912	803
V	108978	324
V	109045	325
V	109112	326
V	109179	327
V	109246	399
V	109313	492
V	109380	532
V	109446	533
V	109512	534
V	109578	804
V	109644	324
V	109730	324
V	109797	325
V	109864	326
V	109931	327
V	109998	399
V	110065	492
V	110132	532
V	110198	533
V	110264	534
V	110330	804
V	110396	324
V	110463	325
V	110530	326
V	110597	327
V	110683	327
V	110750	399
V	110817	492
V	110884	532
V	110950	533
V	111016	534
V	111082	804
V	111148	324
V	111215	325
V	111282	326
V	111349	327
V	111416	399
V	111483	496
V	111569	496
V	111636	532
V	111702	533
V	111769	534
V	111835	804
V	111901	324
V	111968	325
V	112035	326
V	112102	327
V	112169	399
V	112236	496
V	112303	532
V	112369	533
V	112455	533
V	112522	534
V	112588	802
V	112655	324
V	112722	325
V	112789	326
V	112856	327
V	112923	399
V	112990	496
V	113057	532
V	113123	533
V	113209	533
V	113276	534
V	113342	804
V	113408	324
V	113475	325
V	113542	326
V	113609	327
V	113676	399
V	113743	496
V	113810	532
V	113876	533
V	113943	534
V	114009	804
V	114075	324
V	114161	324
V	114228	325
V	114295	326
V	114362	327
V	114429	399
V	114496	496
V	114563	532
V	114629	533
V	114696	534
V	114762	804
V	114828	324
V	114895	325
V	114962	326
V	115029	327
V	115115	327
V	115182	399
V	115249	495
V	115316	532
V	115382	533
V	115449	534
V	115515	804
V	115581	324
V	115648	325
V	115715	326
V	115782	327
V	115849	399
V	115916	495
V	116002	495
V	116069	532
V	116135	533
V	116202	534
V	116268	804
V	116334	324
V	116401	325
V	116468	326
V	116535	327
V	116602	399
V	116669	495
V	116736	532
V	116802	533
V	116888	533
V	116955	534
V	117021	804
V	117087	324
V	117173	324
V	117240	325
V	117307	326
V	117374	327
V	117441	399
V	117508	495
V	117575	532
V	117641	533
V	117708	534
V	117774	804
V	117840	355
V	117907	535
V	117973	679
V	118040	324
V	118107	325
V	118174	326
V	118241	327
V	118308	399
V	118375	495
V	118461	495
V	118527	532
V	118593	533
V	118659	534
V	118725	802
V	118792	324
V	118859	325
V	118926	326
V	118993	327
V	119060	399
V	119127	495
V	119193	532
V	119259	533
V	119345	533
V	119411	534
V	119477	802
V	119544	324
V	119611	325
V	119678	326
V	119745	327
V	119812	399
V	119879	495
V	119946	532
V	120012	533
V	120079	534
V	120145	802
V	120212	324
V	120279	325
V	120346	326
V	120413	327
V	120499	327
V	120566	399
V	120633	495
V	120700	532
V	120766	533
V	120833	534
V	120899	802
V	120966	324
V	121033	325
V	121100	326
V	121167	327
V	121234	399
V	121301	496
V	121387	496
V	121454	532
V	121520	533
V	121587	534
V	121653	802
V	121720	324
V	121787	325
V	121854	326
V	121921	327
V	121988	399
V	122055	496
V	122122	532
V	122188	533
V	122255	534
V	122321	802
V	122388	324
V	122474	324
V	122541	325
V	122608	326
V	122675	327
V	122742	399
V	122809	496
V	122876	532
V	122942	533
V	123009	534
V	123075	802
V	123142	324
V	123209	325
V	123276	326
V	123343	327
V	123429	327
V	123496	399
V	123563	496
V	123630	532
V	123696	533
V	123763	534
V	123829	802
V	123896	324
V	123982	324
V	124049	325
V	124116	326
V	124183	327
V	124250	399
V	124317	495
V	124383	532
V	124449	533
V	124515	534
V	124581	802
V	124648	324
V	124715	325
V	124782	326
V	124849	327
V	124916	399
V	124983	494
V	125049	532
V	125115	533
V	125201	533
V	125267	534
V	125333	803
V	125399	324
V	125466	325
V	125533	326
V	125600	327
V	125667	399
V	125734	494
V	125800	532
V	125866	533
V	125932	534
V	125998	803
V	126064	324
V	126150	324
V	126217	325
V	126284	326
V	126351	327
V	126418	399
V	126485	494
V	126551	532
V	126617	533
V	126683	534
V	126749	803
V	126815	324
V	126882	325
V	126949	326
V	127016	327
V	127083	399
V	127150	494
V	127216	532
V	127282	533
V	127368	533
V	127434	534
V	127500	802
V	127567	324
V	127634	325
V	127701	326
V	127768	327
V	127835	399
V	127902	494
V	127968	532
V	128034	533
V	128100	534
V	128166	802
V	128233	324
V	128319	324
V	128386	325
V	128453	326
V	128520	327
V	128587	399
V	128654	494
V	128720	532
V	128786	533
V	128852	534
V	128918	802
V	128985	324
V	129052	325
V	129119	326
V	129186	327
V	129272	327
V	129339	399
V	129406	494
V	129472	532
V	129538	533
V	129604	534
V	129670	802
V	129737	324
V	129803	325
V	129870	326
V	129937	327
V	130004	399
V	130071	492
V	130138	532
V	130205	533
V	130271	534
V	130338	802
V	130405	324
V	130472	325
V	130558	325
V	130625	326
V	130692	327
V	130759	399
V	130826	492
V	130893	532
V	130960	533
V	131026	534
V	131093	802
V	131160	324
V	131227	325
V	131294	326
V	131380	326
V	131447	327
V	131514	399
V	131581	492
V	131648	532
V	131715	533
V	131781	534
V	131848	802
V	131915	324
V	131982	325
V	132049	326
V	132116	327
V	132183	399
V	132250	492
V	132336	492
V	132403	532
V	132469	533
V	132535	534
V	132601	802
V	132668	324
V	132735	325
V	132802	326
V	132869	327
V	132936	399
V	133003	494
V	133069	532
V	133136	533
V	133203	534
V	133269	803
V	133335	324
V	133402	325
V	133469	326
V	133536	327
V	133622	327
V	133689	399
V	133756	492
V	133823	532
V	133890	533
V	133957	534
V	134024	802
V	134091	324
V	134157	325
V	134224	326
V	134309	326
V	134375	327
V	134440	399
V	134507	494
V	134572	532
V	134638	533
V	134704	534
V	134771	802
V	134838	351
V	134903	352
V	134970	330
V	135037	356
V	135104	398
V	135189	398
V	135255	529
V	135321	330
V	135388	358
V	135456	398
V	135522	529
V	135588	317
V	135654	320
V	135721	321
V	135788	322
V	135873	322
V	135939	332
V	136006	318
V	136072	320
V	136139	321
V	136206	322
V	136270	332
V	136337	319
V	136404	320
V	136471	321
V	136538	322
V	136604	332
V	136671	521
V	136738	806
V	136805	821
V	136872	829
V	136939	893
V	137006	894
V	137073	907
V	137140	941
V	137207	945
V	137273	947
V	137339	948
V	137406	950
V	137491	950
V	137557	952
V	137624	995
V	137691	522
V	137758	807
V	137844	807
V	137911	821
V	137997	821
V	138064	829
V	138131	887
V	138198	894
V	138264	907
V	138331	941
V	138416	941
V	138482	945
V	138548	947
V	138613	948
V	138680	951
V	138746	952
V	138812	996
V	138878	522
V	138945	807
V	139012	821
V	139079	829
V	139146	888
V	139213	894
V	139280	907
V	139347	941
V	139413	945
V	139479	947
V	139544	948
V	139630	948
V	139697	951
V	139763	952
V	139829	996
V	139915	996
V	139981	522
V	140048	807
V	140115	821
V	140182	829
V	140249	889
V	140316	894
V	140382	907
V	140449	941
V	140516	945
V	140582	947
V	140647	948
V	140714	951
V	140780	952
V	140846	996
V	140912	522
V	140979	807
V	141046	821
V	141113	829
V	141180	885
V	141247	894
V	141313	907
V	141380	941
V	141447	945
V	141533	945
V	141600	947
V	141667	948
V	141734	951
V	141801	952
V	141868	996
V	141935	520
V	142001	805
V	142068	821
V	142135	829
V	142202	894
V	142268	896
V	142335	907
V	142401	941
V	142468	945
V	142533	946
V	142600	948
V	142667	949
V	142734	952
V	142801	994
V	142868	520
V	142934	805
V	143000	821
V	143067	829
V	143134	894
V	143200	897
V	143267	907
V	143333	941
V	143400	945
V	143467	946
V	143534	948
V	143601	949
V	143668	952
V	143735	994
V	143802	520
V	143869	805
V	143935	821
V	144002	829
V	144069	894
V	144136	898
V	144203	907
V	144269	941
V	144336	945
V	144403	946
V	144470	948
V	144556	948
V	144623	949
V	144690	952
V	144757	994
V	144824	520
V	144891	805
V	144958	821
V	145025	829
V	145092	894
V	145159	899
V	145226	907
V	145293	941
V	145359	945
V	145425	946
V	145510	946
V	145576	948
V	145643	949
V	145709	952
V	145775	994
V	145842	520
V	145908	805
V	145975	821
V	146042	829
V	146109	894
V	146175	900
V	146242	907
V	146309	941
V	146375	945
V	146461	945
V	146527	946
V	146593	948
V	146660	949
V	146726	952
V	146792	994
V	146859	520
V	146926	805
V	146993	821
V	147060	829
V	147127	894
V	147194	901
V	147261	907
V	147328	941
V	147394	945
V	147460	946
V	147526	948
V	147593	949
V	147659	952
V	147725	994
V	147792	520
V	147859	805
V	147925	821
V	147992	829
V	148059	894
V	148126	902
V	148193	907
V	148260	941
V	148327	945
V	148394	946
V	148461	948
V	148528	949
V	148595	952
V	148662	994
V	148747	994
V	148813	520
V	148880	805
V	148946	821
V	149013	829
V	149080	886
V	149147	894
V	149214	907
V	149281	941
V	149348	945
V	149434	945
V	149501	946
V	149568	948
V	149635	949
V	149702	952
V	149769	994
V	149835	522
V	149901	807
V	149968	821
V	150035	829
V	150102	890
V	150188	890
V	150255	894
V	150321	907
V	150388	941
V	150455	945
V	150520	947
V	150605	947
V	150671	948
V	150738	951
V	150803	952
V	150870	996
V	150935	522
V	151002	807
V	151069	821
V	151136	829
V	151203	891
V	151270	894
V	151337	907
V	151404	941
V	151471	945
V	151556	945
V	151621	947
V	151687	948
V	151754	951
V	151819	952
V	151886	996
V	151951	522
V	152017	807
V	152084	821
V	152151	829
V	152218	892
V	152284	894
V	152350	907
V	152416	941
V	152483	945
V	152548	947
V	152614	948
V	152681	951
V	152746	952
V	152813	996
V	152878	522
V	152944	807
V	153030	807
V	153096	821
V	153182	821
V	153249	829
V	153316	893
V	153383	894
V	153449	907
V	153515	941
V	153582	945
V	153649	947
V	153716	948
V	153802	948
V	153869	951
V	153936	952
V	154003	996
V	154070	521
V	154137	806
V	154202	821
V	154269	829
V	154336	890
V	154403	894
V	154470	907
V	154536	941
V	154603	945
V	154670	947
V	154737	948
V	154804	950
V	154871	952
V	154938	995
V	155023	995
V	155089	521
V	155174	521
V	155240	806
V	155305	821
V	155372	829
V	155458	829
V	155525	891
V	155592	894
V	155658	895
V	155744	907
V	155830	907
V	155896	941
V	155963	945
V	156030	947
V	156097	948
V	156164	950
V	156231	952
V	156298	995
V	156364	521
V	156431	806
V	156516	806
V	156581	821
V	156648	829
V	156715	892
V	156782	894
V	156849	907
V	156935	907
V	157002	941
V	157088	941
V	157155	945
V	157222	947
V	157289	948
V	157375	948
V	157442	950
V	157509	952
V	157576	995
V	157642	518
V	157708	806
V	157794	806
V	157861	812
V	157928	819
V	157995	827
V	158062	833
V	158129	894
V	158215	894
V	158282	907
V	158348	939
V	158415	945
V	158482	948
V	158549	950
V	158616	952
V	158683	995
V	158749	518
V	158816	806
V	158883	812
V	158949	819
V	159016	827
V	159083	834
V	159150	894
V	159217	907
V	159283	939
V	159349	945
V	159416	948
V	159483	950
V	159550	952
V	159616	995
V	159683	518
V	159749	806
V	159816	812
V	159882	819
V	159949	827
V	160016	835
V	160083	894
V	160169	894
V	160236	907
V	160302	939
V	160368	945
V	160435	948
V	160502	950
V	160569	952
V	160635	995
V	160702	518
V	160769	733
V	160854	806
V	160921	812
V	160987	819
V	161054	827
V	161121	836
V	161187	894
V	161254	907
V	161320	939
V	161386	945
V	161453	948
V	161520	950
V	161587	952
V	161653	995
V	161720	517
V	161787	722
V	161854	805
V	161920	811
V	161987	818
V	162054	826
V	162121	894
V	162188	907
V	162255	938
V	162322	945
V	162389	948
V	162455	949
V	162522	952
V	162589	994
V	162655	520
V	162722	805
V	162789	821
V	162856	829
V	162923	894
V	162990	903
V	163057	907
V	163124	941
V	163191	945
V	163256	946
V	163323	948
V	163390	949
V	163457	952
V	163524	994
V	163591	520
V	163657	805
V	163724	821
V	163791	829
V	163858	894
V	163924	895
V	163991	907
V	164077	907
V	164144	941
V	164211	945
V	164276	946
V	164343	948
V	164410	949
V	164477	952
V	164544	994
V	164630	994
V	164697	514
V	164783	514
V	164850	806
V	164917	808
V	164983	815
V	165050	823
V	165135	823
V	165201	894
V	165268	907
V	165333	935
V	165400	942
V	165467	944
V	165553	945
V	165619	948
V	165686	950
V	165753	952
V	165820	994
V	165886	514
V	165953	806
V	166019	808
V	166086	815
V	166151	823
V	166218	894
V	166285	904
V	166352	907
V	166417	935
V	166484	945
V	166551	948
V	166637	948
V	166704	950
V	166771	952
V	166838	994
V	166905	514
V	166991	514
V	167058	806
V	167124	808
V	167191	815
V	167256	823
V	167341	823
V	167407	894
V	167474	905
V	167541	907
V	167606	935
V	167673	945
V	167740	948
V	167807	950
V	167874	952
V	167941	994
V	168008	514
V	168075	806
V	168160	806
V	168226	808
V	168293	815
V	168358	823
V	168425	894
V	168492	906
V	168559	907
V	168624	935
V	168691	945
V	168758	948
V	168825	950
V	168892	952
V	168959	994
V	169026	514
V	169093	805
V	169160	808
V	169227	815
V	169294	823
V	169361	894
V	169428	907
V	169495	935
V	169561	944
V	169628	945
V	169695	948
V	169781	948
V	169848	949
V	169912	952
V	169978	994
V	170045	514
V	170112	805
V	170179	808
V	170265	808
V	170331	815
V	170398	823
V	170464	894
V	170531	907
V	170598	917
V	170665	935
V	170751	935
V	170817	945
V	170883	948
V	170949	949
V	171016	952
V	171083	994
V	171150	514
V	171217	805
V	171284	808
V	171350	815
V	171417	823
V	171484	894
V	171551	907
V	171618	918
V	171685	935
V	171751	945
V	171836	945
V	171902	948
V	171968	949
V	172035	952
V	172102	994
V	172169	514
V	172236	805
V	172303	808
V	172369	815
V	172436	823
V	172502	894
V	172569	907
V	172636	919
V	172703	935
V	172769	945
V	172835	948
V	172901	949
V	172968	952
V	173035	994
V	173102	514
V	173169	805
V	173236	808
V	173302	815
V	173369	823
V	173436	894
V	173503	907
V	173569	920
V	173636	935
V	173703	945
V	173769	948
V	173835	949
V	173902	952
V	173969	994
V	174036	514
V	174102	805
V	174169	808
V	174236	815
V	174303	823
V	174370	894
V	174437	907
V	174504	935
V	174571	943
V	174637	945
V	174704	948
V	174769	949
V	174836	952
V	174902	994
V	174969	514
V	175036	805
V	175102	808
V	175168	815
V	175235	823
V	175302	894
V	175368	907
V	175435	924
V	175502	935
V	175568	945
V	175635	948
V	175701	949
V	175768	952
V	175835	994
V	175902	514
V	175968	805
V	176034	808
V	176100	815
V	176167	823
V	176234	894
V	176301	907
V	176368	925
V	176435	935
V	176501	945
V	176568	948
V	176634	949
V	176701	952
V	176768	994
V	176835	514
V	176902	805
V	176968	808
V	177034	815
V	177101	823
V	177168	894
V	177234	907
V	177301	926
V	177367	935
V	177433	945
V	177500	948
V	177585	948
V	177651	949
V	177718	952
V	177785	994
V	177852	514
V	177918	805
V	177984	808
V	178050	815
V	178117	823
V	178184	894
V	178251	907
V	178318	927
V	178383	935
V	178450	945
V	178517	948
V	178583	949
V	178650	952
V	178717	994
V	178784	3
V	178850	525
V	178917	3
V	178983	526
V	179050	3
V	179116	526
V	179183	517
V	179250	736
V	179317	805
V	179384	811
V	179451	818
V	179517	826
V	179584	894
V	179651	907
V	179718	938
V	179785	945
V	179852	948
V	179919	949
V	179984	952
V	180049	994
V	180116	517
V	180183	737
V	180250	805
V	180317	811
V	180384	818
V	180450	826
V	180516	894
V	180582	907
V	180668	907
V	180735	938
V	180821	938
V	180888	945
V	180955	948
V	181022	949
V	181087	952
V	181152	994
V	181219	517
V	181286	738
V	181352	805
V	181438	805
V	181505	811
V	181572	818
V	181638	826
V	181705	894
V	181772	907
V	181839	938
V	181906	945
V	181973	948
V	182040	949
V	182105	952
V	182190	952
V	182255	994