\P\	Pos	UnitMeasureCode\
T	5	$
N	0	1
#
V	269	EA 
V	332	EA 
V	414	EA 
V	476	EA 
V	539	EA 
V	603	EA 
V	686	EA 
V	750	EA 
V	814	EA 
V	878	EA 
V	942	EA 
V	1006	EA 
V	1070	EA 
V	1134	EA 
V	1198	EA 
V	1262	EA 
V	1326	EA 
V	1390	EA 
V	1454	EA 
V	1518	EA 
V	1582	EA 
V	1646	EA 
V	1729	EA 
V	1793	EA 
V	1857	EA 
V	1921	EA 
V	1985	EA 
V	2049	EA 
V	2113	EA 
V	2177	EA 
V	2238	EA 
V	2302	EA 
V	2366	EA 
V	2430	EA 
V	2494	EA 
V	2557	EA 
V	2619	EA 
V	2683	EA 
V	2746	EA 
V	2810	EA 
V	2871	EA 
V	2935	EA 
V	2999	EA 
V	3063	EA 
V	3127	EA 
V	3191	EA 
V	3255	EA 
V	3319	EA 
V	3383	EA 
V	3447	EA 
V	3511	EA 
V	3574	EA 
V	3657	EA 
V	3720	EA 
V	3784	EA 
V	3848	EA 
V	3911	EA 
V	3973	EA 
V	4037	EA 
V	4101	EA 
V	4165	EA 
V	4229	EA 
V	4293	EA 
V	4357	EA 
V	4421	EA 
V	4485	EA 
V	4549	EA 
V	4613	EA 
V	4677	EA 
V	4740	EA 
V	4804	EA 
V	4868	EA 
V	4932	EA 
V	4996	EA 
V	5060	EA 
V	5123	EA 
V	5185	EA 
V	5268	EA 
V	5331	EA 
V	5395	EA 
V	5457	EA 
V	5520	EA 
V	5584	EA 
V	5647	EA 
V	5711	EA 
V	5775	EA 
V	5839	EA 
V	5902	EA 
V	5964	EA 
V	6027	EA 
V	6091	EA 
V	6155	EA 
V	6219	EA 
V	6283	EA 
V	6347	EA 
V	6408	EA 
V	6472	EA 
V	6536	EA 
V	6600	EA 
V	6663	EA 
V	6726	EA 
V	6790	EA 
V	6873	EA 
V	6937	EA 
V	7001	EA 
V	7066	EA 
V	7130	EA 
V	7194	EA 
V	7261	EA 
V	7328	EA 
V	7394	EA 
V	7461	EA 
V	7528	EA 
V	7595	EA 
V	7662	EA 
V	7728	EA 
V	7794	EA 
V	7861	EA 
V	7927	EA 
V	7994	EA 
V	8060	EA 
V	8127	EA 
V	8194	EA 
V	8261	EA 
V	8328	EA 
V	8395	EA 
V	8462	EA 
V	8529	EA 
V	8596	EA 
V	8663	EA 
V	8729	EA 
V	8796	EA 
V	8863	EA 
V	8930	EA 
V	8995	EA 
V	9062	EA 
V	9129	EA 
V	9214	EA 
V	9280	EA 
V	9366	EA 
V	9432	EA 
V	9499	EA 
V	9566	EA 
V	9633	EA 
V	9700	EA 
V	9766	EA 
V	9833	EA 
V	9900	EA 
V	9967	EA 
V	10033	EA 
V	10099	EA 
V	10166	EA 
V	10233	EA 
V	10299	EA 
V	10365	EA 
V	10432	EA 
V	10499	EA 
V	10566	EA 
V	10652	EA 
V	10718	EA 
V	10784	EA 
V	10851	EA 
V	10918	EA 
V	11004	EA 
V	11071	EA 
V	11137	EA 
V	11203	EA 
V	11270	EA 
V	11337	EA 
V	11404	EA 
V	11471	EA 
V	11538	OZ 
V	11624	OZ 
V	11691	EA 
V	11757	EA 
V	11823	EA 
V	11889	EA 
V	11955	EA 
V	12021	EA 
V	12088	EA 
V	12155	EA 
V	12222	EA 
V	12289	OZ 
V	12355	EA 
V	12421	EA 
V	12488	EA 
V	12554	EA 
V	12620	EA 
V	12687	EA 
V	12754	EA 
V	12821	EA 
V	12888	EA 
V	12955	OZ 
V	13040	OZ 
V	13106	EA 
V	13172	EA 
V	13238	EA 
V	13304	EA 
V	13370	EA 
V	13437	EA 
V	13504	EA 
V	13571	EA 
V	13657	EA 
V	13724	EA 
V	13791	OZ 
V	13857	EA 
V	13923	EA 
V	13989	EA 
V	14055	EA 
V	14121	EA 
V	14188	EA 
V	14255	EA 
V	14322	EA 
V	14389	EA 
V	14456	OZ 
V	14541	OZ 
V	14607	EA 
V	14673	EA 
V	14739	EA 
V	14805	EA 
V	14871	EA 
V	14938	EA 
V	15005	EA 
V	15072	EA 
V	15139	EA 
V	15206	OZ 
V	15272	EA 
V	15338	EA 
V	15424	EA 
V	15490	EA 
V	15556	EA 
V	15622	EA 
V	15689	EA 
V	15756	EA 
V	15823	EA 
V	15890	EA 
V	15957	OZ 
V	16023	EA 
V	16089	EA 
V	16155	EA 
V	16221	EA 
V	16287	EA 
V	16354	EA 
V	16421	EA 
V	16488	EA 
V	16555	EA 
V	16622	OZ 
V	16689	EA 
V	16755	EA 
V	16841	EA 
V	16907	EA 
V	16973	EA 
V	17040	EA 
V	17107	EA 
V	17174	EA 
V	17241	EA 
V	17308	EA 
V	17375	OZ 
V	17442	EA 
V	17508	EA 
V	17574	EA 
V	17640	EA 
V	17707	EA 
V	17793	EA 
V	17860	EA 
V	17927	EA 
V	17994	EA 
V	18061	EA 
V	18128	OZ 
V	18195	EA 
V	18261	EA 
V	18327	EA 
V	18393	EA 
V	18460	EA 
V	18527	EA 
V	18594	EA 
V	18661	EA 
V	18747	EA 
V	18814	EA 
V	18881	OZ 
V	18947	EA 
V	19013	EA 
V	19079	EA 
V	19145	EA 
V	19212	EA 
V	19279	EA 
V	19346	EA 
V	19413	EA 
V	19480	EA 
V	19547	OZ 
V	19632	OZ 
V	19698	EA 
V	19764	EA 
V	19830	EA 
V	19896	EA 
V	19963	EA 
V	20030	EA 
V	20097	EA 
V	20164	EA 
V	20231	EA 
V	20298	OZ 
V	20364	EA 
V	20430	EA 
V	20516	EA 
V	20582	EA 
V	20648	EA 
V	20715	EA 
V	20801	EA 
V	20868	EA 
V	20935	EA 
V	21002	EA 
V	21069	EA 
V	21136	OZ 
V	21202	EA 
V	21268	EA 
V	21334	EA 
V	21400	EA 
V	21467	EA 
V	21534	EA 
V	21601	EA 
V	21668	EA 
V	21754	EA 
V	21821	EA 
V	21888	OZ 
V	21954	EA 
V	22020	EA 
V	22086	EA 
V	22152	EA 
V	22219	EA 
V	22286	EA 
V	22353	EA 
V	22420	EA 
V	22487	EA 
V	22554	OZ 
V	22639	OZ 
V	22705	EA 
V	22771	EA 
V	22837	EA 
V	22903	EA 
V	22970	EA 
V	23037	EA 
V	23104	EA 
V	23171	EA 
V	23257	EA 
V	23324	EA 
V	23391	OZ 
V	23457	EA 
V	23523	EA 
V	23589	EA 
V	23655	EA 
V	23721	EA 
V	23788	EA 
V	23855	EA 
V	23922	EA 
V	23989	EA 
V	24056	OZ 
V	24141	OZ 
V	24207	EA 
V	24273	EA 
V	24339	EA 
V	24405	EA 
V	24471	EA 
V	24538	EA 
V	24605	EA 
V	24672	EA 
V	24739	EA 
V	24806	OZ 
V	24872	EA 
V	24938	EA 
V	25024	EA 
V	25090	EA 
V	25156	EA 
V	25222	EA 
V	25308	EA 
V	25375	EA 
V	25442	EA 
V	25509	EA 
V	25576	EA 
V	25643	OZ 
V	25709	EA 
V	25775	EA 
V	25841	EA 
V	25907	EA 
V	25973	EA 
V	26040	EA 
V	26107	EA 
V	26174	EA 
V	26260	EA 
V	26327	EA 
V	26394	OZ 
V	26460	EA 
V	26526	EA 
V	26592	EA 
V	26658	EA 
V	26724	EA 
V	26791	EA 
V	26858	EA 
V	26925	EA 
V	26992	EA 
V	27059	OZ 
V	27126	EA 
V	27192	EA 
V	27258	EA 
V	27324	EA 
V	27391	EA 
V	27477	EA 
V	27544	EA 
V	27611	EA 
V	27678	EA 
V	27745	EA 
V	27812	OZ 
V	27879	EA 
V	27945	EA 
V	28011	EA 
V	28077	EA 
V	28144	EA 
V	28211	EA 
V	28278	EA 
V	28345	EA 
V	28431	EA 
V	28498	EA 
V	28565	OZ 
V	28632	EA 
V	28698	EA 
V	28764	EA 
V	28830	EA 
V	28897	EA 
V	28964	EA 
V	29031	EA 
V	29098	EA 
V	29165	EA 
V	29232	OZ 
V	29298	EA 
V	29364	EA 
V	29450	EA 
V	29516	EA 
V	29582	EA 
V	29648	EA 
V	29715	EA 
V	29782	EA 
V	29849	EA 
V	29916	EA 
V	29983	OZ 
V	30049	EA 
V	30115	EA 
V	30181	EA 
V	30247	EA 
V	30313	EA 
V	30399	EA 
V	30466	EA 
V	30533	EA 
V	30600	EA 
V	30667	EA 
V	30734	OZ 
V	30800	EA 
V	30866	EA 
V	30932	EA 
V	30998	EA 
V	31064	EA 
V	31131	EA 
V	31198	EA 
V	31265	EA 
V	31351	EA 
V	31418	EA 
V	31485	OZ 
V	31551	EA 
V	31617	EA 
V	31683	EA 
V	31749	EA 
V	31815	EA 
V	31882	EA 
V	31949	EA 
V	32016	EA 
V	32083	EA 
V	32150	OZ 
V	32217	EA 
V	32283	EA 
V	32349	EA 
V	32415	EA 
V	32481	EA 
V	32567	EA 
V	32634	EA 
V	32701	EA 
V	32768	EA 
V	32835	EA 
V	32902	OZ 
V	32969	EA 
V	33035	EA 
V	33101	EA 
V	33167	EA 
V	33233	EA 
V	33300	EA 
V	33367	EA 
V	33434	EA 
V	33520	EA 
V	33587	EA 
V	33654	OZ 
V	33721	EA 
V	33787	EA 
V	33853	EA 
V	33919	EA 
V	33985	EA 
V	34052	EA 
V	34119	EA 
V	34186	EA 
V	34253	EA 
V	34320	OZ 
V	34406	OZ 
V	34473	EA 
V	34539	EA 
V	34605	EA 
V	34671	EA 
V	34737	EA 
V	34804	EA 
V	34871	EA 
V	34938	EA 
V	35005	EA 
V	35072	OZ 
V	35139	EA 
V	35225	EA 
V	35292	EA 
V	35359	EA 
V	35426	EA 
V	35491	EA 
V	35557	EA 
V	35624	EA 
V	35690	EA 
V	35775	EA 
V	35840	EA 
V	35907	OZ 
V	35993	OZ 
V	36060	EA 
V	36126	EA 
V	36192	EA 
V	36259	EA 
V	36326	EA 
V	36412	EA 
V	36479	EA 
V	36546	EA 
V	36613	EA 
V	36680	EA 
V	36746	EA 
V	36831	EA 
V	36897	EA 
V	36964	EA 
V	37031	EA 
V	37098	EA 
V	37165	EA 
V	37231	EA 
V	37298	EA 
V	37365	EA 
V	37432	EA 
V	37518	EA 
V	37585	EA 
V	37652	EA 
V	37718	EA 
V	37783	EA 
V	37850	EA 
V	37935	EA 
V	38001	EA 
V	38068	EA 
V	38134	EA 
V	38199	EA 
V	38266	EA 
V	38333	EA 
V	38400	EA 
V	38486	EA 
V	38552	EA 
V	38619	EA 
V	38705	EA 
V	38771	EA 
V	38838	EA 
V	38904	EA 
V	38969	EA 
V	39036	EA 
V	39103	EA 
V	39170	EA 
V	39236	EA 
V	39301	EA 
V	39368	EA 
V	39435	EA 
V	39521	EA 
V	39588	EA 
V	39654	EA 
V	39721	EA 
V	39807	EA 
V	39874	EA 
V	39941	EA 
V	40007	EA 
V	40072	EA 
V	40139	EA 
V	40224	EA 
V	40290	EA 
V	40357	EA 
V	40442	EA 
V	40508	EA 
V	40593	EA 
V	40658	EA 
V	40725	EA 
V	40792	EA 
V	40859	EA 
V	40925	EA 
V	40992	EA 
V	41078	EA 
V	41144	EA 
V	41211	EA 
V	41277	EA 
V	41342	EA 
V	41409	EA 
V	41476	EA 
V	41543	EA 
V	41610	EA 
V	41677	EA 
V	41744	EA 
V	41811	EA 
V	41878	EA 
V	41944	EA 
V	42011	EA 
V	42077	EA 
V	42144	EA 
V	42211	EA 
V	42277	EA 
V	42344	EA 
V	42411	EA 
V	42478	EA 
V	42544	EA 
V	42610	EA 
V	42677	EA 
V	42744	EA 
V	42811	EA 
V	42877	EA 
V	42963	EA 
V	43030	EA 
V	43097	EA 
V	43164	EA 
V	43231	EA 
V	43297	EA 
V	43364	EA 
V	43431	EA 
V	43498	EA 
V	43564	EA 
V	43630	EA 
V	43697	EA 
V	43764	EA 
V	43831	EA 
V	43897	EA 
V	43964	EA 
V	44030	EA 
V	44097	EA 
V	44164	EA 
V	44231	EA 
V	44317	EA 
V	44384	EA 
V	44451	EA 
V	44518	EA 
V	44585	EA 
V	44652	EA 
V	44719	EA 
V	44784	EA 
V	44851	EA 
V	44918	EA 
V	44985	EA 
V	45052	EA 
V	45119	EA 
V	45186	EA 
V	45253	EA 
V	45320	EA 
V	45387	EA 
V	45454	EA 
V	45521	EA 
V	45588	EA 
V	45655	EA 
V	45740	EA 
V	45805	EA 
V	45872	EA 
V	45939	EA 
V	46025	EA 
V	46092	EA 
V	46158	EA 
V	46225	EA 
V	46311	EA 
V	46378	EA 
V	46445	EA 
V	46512	EA 
V	46579	EA 
V	46646	EA 
V	46713	EA 
V	46780	EA 
V	46847	EA 
V	46912	EA 
V	46979	EA 
V	47046	EA 
V	47113	EA 
V	47179	EA 
V	47246	EA 
V	47313	EA 
V	47380	EA 
V	47466	EA 
V	47533	EA 
V	47600	EA 
V	47667	EA 
V	47733	EA 
V	47800	EA 
V	47867	EA 
V	47934	EA 
V	48001	EA 
V	48087	EA 
V	48153	EA 
V	48220	EA 
V	48287	EA 
V	48354	EA 
V	48421	EA 
V	48488	EA 
V	48555	EA 
V	48622	EA 
V	48689	EA 
V	48755	EA 
V	48822	EA 
V	48889	EA 
V	48956	EA 
V	49023	EA 
V	49089	EA 
V	49156	EA 
V	49222	EA 
V	49288	EA 
V	49355	EA 
V	49422	EA 
V	49489	EA 
V	49556	EA 
V	49623	EA 
V	49689	EA 
V	49756	EA 
V	49823	EA 
V	49890	EA 
V	49957	EA 
V	50023	EA 
V	50090	EA 
V	50156	EA 
V	50223	EA 
V	50290	EA 
V	50357	EA 
V	50424	EA 
V	50491	EA 
V	50558	EA 
V	50625	EA 
V	50692	EA 
V	50759	EA 
V	50844	EA 
V	50909	EA 
V	50976	EA 
V	51043	EA 
V	51109	EA 
V	51176	EA 
V	51242	EA 
V	51309	EA 
V	51376	EA 
V	51443	EA 
V	51510	EA 
V	51577	EA 
V	51644	EA 
V	51711	EA 
V	51778	EA 
V	51843	EA 
V	51910	EA 
V	51977	EA 
V	52063	EA 
V	52129	EA 
V	52195	EA 
V	52260	EA 
V	52327	EA 
V	52394	EA 
V	52480	EA 
V	52547	EA 
V	52614	EA 
V	52681	EA 
V	52748	EA 
V	52815	EA 
V	52882	EA 
V	52947	EA 
V	53014	EA 
V	53081	EA 
V	53147	EA 
V	53233	EA 
V	53300	EA 
V	53367	EA 
V	53434	EA 
V	53501	EA 
V	53567	EA 
V	53653	EA 
V	53719	EA 
V	53785	EA 
V	53852	EA 
V	53919	EA 
V	53986	EA 
V	54053	EA 
V	54139	EA 
V	54205	EA 
V	54271	EA 
V	54338	EA 
V	54405	EA 
V	54472	EA 
V	54539	EA 
V	54606	EA 
V	54672	EA 
V	54739	EA 
V	54806	EA 
V	54873	EA 
V	54940	EA 
V	55007	EA 
V	55074	EA 
V	55140	EA 
V	55206	EA 
V	55273	EA 
V	55359	EA 
V	55426	EA 
V	55511	EA 
V	55577	EA 
V	55644	EA 
V	55711	EA 
V	55777	EA 
V	55863	EA 
V	55929	EA 
V	55995	EA 
V	56062	EA 
V	56129	EA 
V	56196	EA 
V	56263	EA 
V	56329	EA 
V	56395	EA 
V	56462	EA 
V	56548	EA 
V	56615	EA 
V	56682	EA 
V	56749	EA 
V	56816	EA 
V	56883	EA 
V	56969	EA 
V	57035	EA 
V	57101	EA 
V	57168	EA 
V	57235	EA 
V	57321	EA 
V	57388	EA 
V	57454	EA 
V	57521	EA 
V	57588	EA 
V	57653	EA 
V	57720	EA 
V	57805	EA 
V	57871	EA 
V	57938	EA 
V	58005	EA 
V	58072	EA 
V	58139	EA 
V	58206	EA 
V	58273	EA 
V	58340	EA 
V	58407	EA 
V	58473	EA 
V	58559	EA 
V	58626	EA 
V	58693	EA 
V	58758	EA 
V	58844	EA 
V	58911	EA 
V	58976	EA 
V	59043	EA 
V	59110	EA 
V	59177	EA 
V	59263	EA 
V	59329	EA 
V	59395	EA 
V	59481	EA 
V	59548	EA 
V	59634	EA 
V	59701	EA 
V	59768	EA 
V	59834	EA 
V	59901	EA 
V	59968	EA 
V	60033	EA 
V	60100	EA 
V	60167	EA 
V	60232	EA 
V	60318	EA 
V	60385	EA 
V	60451	EA 
V	60518	EA 
V	60604	EA 
V	60671	EA 
V	60738	EA 
V	60804	EA 
V	60871	EA 
V	60938	EA 
V	61005	EA 
V	61071	EA 
V	61157	EA 
V	61224	EA 
V	61290	EA 
V	61357	EA 
V	61424	EA 
V	61491	EA 
V	61558	EA 
V	61625	EA 
V	61692	EA 
V	61759	EA 
V	61826	EA 
V	61892	EA 
V	61958	EA 
V	62024	EA 
V	62091	EA 
V	62158	EA 
V	62225	EA 
V	62292	EA 
V	62359	EA 
V	62445	EA 
V	62512	EA 
V	62579	EA 
V	62646	EA 
V	62732	EA 
V	62799	EA 
V	62866	EA 
V	62933	EA 
V	62999	EA 
V	63065	EA 
V	63131	EA 
V	63198	EA 
V	63265	EA 
V	63331	EA 
V	63398	EA 
V	63465	EA 
V	63532	EA 
V	63599	EA 
V	63666	EA 
V	63733	EA 
V	63800	EA 
V	63867	EA 
V	63933	EA 
V	63999	EA 
V	64065	EA 
V	64132	EA 
V	64199	EA 
V	64266	EA 
V	64332	EA 
V	64418	EA 
V	64485	EA 
V	64552	EA 
V	64619	EA 
V	64686	EA 
V	64753	EA 
V	64820	EA 
V	64886	EA 
V	64953	EA 
V	65018	EA 
V	65082	EA 
V	65148	EA 
V	65214	EA 
V	65281	EA 
V	65348	EA 
V	65415	EA 
V	65481	EA 
V	65548	EA 
V	65614	EA 
V	65680	EA 
V	65747	EA 
V	65813	EA 
V	65880	EA 
V	65946	EA 
V	66013	EA 
V	66080	EA 
V	66166	EA 
V	66233	EA 
V	66300	EA 
V	66367	EA 
V	66453	EA 
V	66520	EA 
V	66586	EA 
V	66653	EA 
V	66720	EA 
V	66787	EA 
V	66854	EA 
V	66920	EA 
V	66987	EA 
V	67053	EA 
V	67120	EA 
V	67187	EA 
V	67254	EA 
V	67321	EA 
V	67387	EA 
V	67454	EA 
V	67520	EA 
V	67587	EA 
V	67653	EA 
V	67719	EA 
V	67786	EA 
V	67852	EA 
V	67919	EA 
V	67985	EA 
V	68052	EA 
V	68119	EA 
V	68186	EA 
V	68252	EA 
V	68319	EA 
V	68386	EA 
V	68453	EA 
V	68520	EA 
V	68586	EA 
V	68653	EA 
V	68718	EA 
V	68785	EA 
V	68851	EA 
V	68918	EA 
V	68985	EA 
V	69071	EA 
V	69138	EA 
V	69205	EA 
V	69272	EA 
V	69338	EA 
V	69423	EA 
V	69489	EA 
V	69556	EA 
V	69622	EA 
V	69689	EA 
V	69756	EA 
V	69821	EA 
V	69888	EA 
V	69955	EA 
V	70022	EA 
V	70089	EA 
V	70156	EA 
V	70223	EA 
V	70289	EA 
V	70356	EA 
V	70422	EA 
V	70489	EA 
V	70555	EA 
V	70621	EA 
V	70688	EA 
V	70774	EA 
V	70839	EA 
V	70906	EA 
V	70973	EA 
V	71059	EA 
V	71126	EA 
V	71193	EA 
V	71260	EA 
V	71327	EA 
V	71394	EA 
V	71461	EA 
V	71528	EA 
V	71594	EA 
V	71660	EA 
V	71726	EA 
V	71792	EA 
V	71859	EA 
V	71926	EA 
V	71993	EA 
V	72060	EA 
V	72127	EA 
V	72194	EA 
V	72258	EA 
V	72325	EA 
V	72392	EA 
V	72459	EA 
V	72545	EA 
V	72612	EA 
V	72678	EA 
V	72745	EA 
V	72812	EA 
V	72879	EA 
V	72946	EA 
V	73013	EA 
V	73080	EA 
V	73146	EA 
V	73211	EA 
V	73277	EA 
V	73344	EA 
V	73411	EA 
V	73478	EA 
V	73545	EA 
V	73611	EA 
V	73677	EA 
V	73743	EA 
V	73810	EA 
V	73877	EA 
V	73944	EA 
V	74011	EA 
V	74077	EA 
V	74142	EA 
V	74208	EA 
V	74274	EA 
V	74341	EA 
V	74408	EA 
V	74475	EA 
V	74542	EA 
V	74609	EA 
V	74695	EA 
V	74762	EA 
V	74829	EA 
V	74896	EA 
V	74982	EA 
V	75049	EA 
V	75114	EA 
V	75180	EA 
V	75246	EA 
V	75313	EA 
V	75380	EA 
V	75447	EA 
V	75512	EA 
V	75579	EA 
V	75645	EA 
V	75712	EA 
V	75778	EA 
V	75845	EA 
V	75910	EA 
V	75977	EA 
V	76043	EA 
V	76129	EA 
V	76196	EA 
V	76263	EA 
V	76330	EA 
V	76396	EA 
V	76463	EA 
V	76528	EA 
V	76595	EA 
V	76662	EA 
V	76729	EA 
V	76815	EA 
V	76882	EA 
V	76949	EA 
V	77014	EA 
V	77081	EA 
V	77147	EA 
V	77214	EA 
V	77281	EA 
V	77348	EA 
V	77415	EA 
V	77482	EA 
V	77547	EA 
V	77614	EA 
V	77680	EA 
V	77747	EA 
V	77813	EA 
V	77880	EA 
V	77945	EA 
V	78012	EA 
V	78078	EA 
V	78145	EA 
V	78212	EA 
V	78279	EA 
V	78345	EA 
V	78431	EA 
V	78497	EA 
V	78583	EA 
V	78650	EA 
V	78717	EA 
V	78783	EA 
V	78850	EA 
V	78917	EA 
V	78984	EA 
V	79051	EA 
V	79118	EA 
V	79183	EA 
V	79250	EA 
V	79317	EA 
V	79384	EA 
V	79451	EA 
V	79518	EA 
V	79585	EA 
V	79652	EA 
V	79718	EA 
V	79784	EA 
V	79851	EA 
V	79918	EA 
V	79985	EA 
V	80052	EA 
V	80117	EA 
V	80184	EA 
V	80251	EA 
V	80318	EA 
V	80384	EA 
V	80451	EA 
V	80518	EA 
V	80585	EA 
V	80651	EA 
V	80718	EA 
V	80785	EA 
V	80852	EA 
V	80919	EA 
V	80986	EA 
V	81051	EA 
V	81137	EA 
V	81204	EA 
V	81290	EA 
V	81357	EA 
V	81424	EA 
V	81490	EA 
V	81557	EA 
V	81624	EA 
V	81690	EA 
V	81757	EA 
V	81824	EA 
V	81891	EA 
V	81957	EA 
V	82023	EA 
V	82090	EA 
V	82157	EA 
V	82224	EA 
V	82290	EA 
V	82357	EA 
V	82423	EA 
V	82490	EA 
V	82557	EA 
V	82624	EA 
V	82691	EA 
V	82758	EA 
V	82824	EA 
V	82891	EA 
V	82958	EA 
V	83025	EA 
V	83091	EA 
V	83158	EA 
V	83225	EA 
V	83292	EA 
V	83359	EA 
V	83426	EA 
V	83493	EA 
V	83579	EA 
V	83646	EA 
V	83713	EA 
V	83780	EA 
V	83847	EA 
V	83914	EA 
V	83981	EA 
V	84048	EA 
V	84114	EA 
V	84181	EA 
V	84248	EA 
V	84315	EA 
V	84381	EA 
V	84448	EA 
V	84515	EA 
V	84582	EA 
V	84649	EA 
V	84716	EA 
V	84782	EA 
V	84849	EA 
V	84916	EA 
V	84983	EA 
V	85068	EA 
V	85134	EA 
V	85201	EA 
V	85268	EA 
V	85335	EA 
V	85402	EA 
V	85469	EA 
V	85536	EA 
V	85603	EA 
V	85670	EA 
V	85737	EA 
V	85804	EA 
V	85871	EA 
V	85937	EA 
V	86004	EA 
V	86070	EA 
V	86137	EA 
V	86204	EA 
V	86271	EA 
V	86338	EA 
V	86405	EA 
V	86472	EA 
V	86539	EA 
V	86606	EA 
V	86673	EA 
V	86740	EA 
V	86807	EA 
V	86872	EA 
V	86938	EA 
V	87004	EA 
V	87071	EA 
V	87138	EA 
V	87205	EA 
V	87272	EA 
V	87358	EA 
V	87424	EA 
V	87510	EA 
V	87577	EA 
V	87644	EA 
V	87710	EA 
V	87777	EA 
V	87843	EA 
V	87910	EA 
V	87977	EA 
V	88044	EA 
V	88111	EA 
V	88178	EA 
V	88245	EA 
V	88311	EA 
V	88378	EA 
V	88444	EA 
V	88511	EA 
V	88578	EA 
V	88645	EA 
V	88712	EA 
V	88779	EA 
V	88846	EA 
V	88913	EA 
V	88980	EA 
V	89047	EA 
V	89114	EA 
V	89181	EA 
V	89247	EA 
V	89314	EA 
V	89380	EA 
V	89447	EA 
V	89514	EA 
V	89580	EA 
V	89647	EA 
V	89713	EA 
V	89780	EA 
V	89847	EA 
V	89914	EA 
V	89981	EA 
V	90048	EA 
V	90115	EA 
V	90181	EA 
V	90248	EA 
V	90314	EA 
V	90381	EA 
V	90448	EA 
V	90515	EA 
V	90582	EA 
V	90649	EA 
V	90716	EA 
V	90783	EA 
V	90850	EA 
V	90917	EA 
V	90984	EA 
V	91051	EA 
V	91117	EA 
V	91184	EA 
V	91251	EA 
V	91318	EA 
V	91385	EA 
V	91471	EA 
V	91538	EA 
V	91604	EA 
V	91671	EA 
V	91738	EA 
V	91805	EA 
V	91870	EA 
V	91956	EA 
V	92023	EA 
V	92090	EA 
V	92174	EA 
V	92239	EA 
V	92304	EA 
V	92371	EA 
V	92438	EA 
V	92505	EA 
V	92572	EA 
V	92636	EA 
V	92701	EA 
V	92768	EA 
V	92834	EA 
V	92900	EA 
V	92967	EA 
V	93029	EA 
V	93094	EA 
V	93161	EA 
V	93226	EA 
V	93311	EA 
V	93376	EA 
V	93443	EA 
V	93509	IN 
V	93576	EA 
V	93643	EA 
V	93710	EA 
V	93775	IN 
V	93843	EA 
V	93910	EA 
V	93977	EA 
V	94043	IN 
V	94130	IN 
V	94198	EA 
V	94265	EA 
V	94332	EA 
V	94399	IN 
V	94465	EA 
V	94532	EA 
V	94599	EA 
V	94666	IN 
V	94734	EA 
V	94801	EA 
V	94887	EA 
V	94954	EA 
V	95021	IN 
V	95089	EA 
V	95156	EA 
V	95222	EA 
V	95289	EA 
V	95355	EA 
V	95422	EA 
V	95489	EA 
V	95554	OZ 
V	95621	EA 
V	95688	EA 
V	95755	EA 
V	95822	EA 
V	95888	EA 
V	95955	EA 
V	96023	EA 
V	96090	EA 
V	96157	EA 
V	96224	EA 
V	96290	EA 
V	96357	EA 
V	96424	EA 
V	96492	EA 
V	96559	EA 
V	96626	EA 
V	96712	EA 
V	96779	EA 
V	96846	EA 
V	96912	EA 
V	96979	EA 
V	97047	EA 
V	97114	EA 
V	97181	EA 
V	97248	EA 
V	97315	EA 
V	97381	EA 
V	97448	EA 
V	97516	EA 
V	97602	EA 
V	97669	EA 
V	97735	EA 
V	97803	EA 
V	97870	EA 
V	97937	EA 
V	98003	EA 
V	98070	EA 
V	98137	EA 
V	98204	EA 
V	98272	EA 
V	98339	EA 
V	98406	EA 
V	98471	EA 
V	98539	EA 
V	98605	EA 
V	98672	EA 
V	98740	EA 
V	98807	EA 
V	98874	EA 
V	98940	EA 
V	99006	EA 
V	99072	EA 
V	99138	EA 
V	99206	EA 
V	99272	EA 
V	99338	EA 
V	99404	EA 
V	99468	EA 
V	99534	EA 
V	99620	EA 
V	99687	EA 
V	99753	OZ 
V	99820	EA 
V	99886	EA 
V	99953	EA 
V	100020	EA 
V	100087	EA 
V	100154	EA 
V	100221	EA 
V	100288	EA 
V	100355	EA 
V	100423	EA 
V	100509	EA 
V	100576	EA 
V	100643	EA 
V	100729	EA 
V	100796	EA 
V	100883	EA 
V	100951	EA 
V	101018	EA 
V	101085	EA 
V	101153	EA 
V	101219	EA 
V	101286	EA 
V	101353	EA 
V	101420	EA 
V	101486	EA 
V	101552	EA 
V	101620	EA 
V	101686	EA 
V	101753	EA 
V	101820	EA 
V	101888	EA 
V	101954	EA 
V	102040	EA 
V	102107	EA 
V	102174	EA 
V	102241	EA 
V	102326	EA 
V	102392	EA 
V	102459	EA 
V	102527	EA 
V	102593	EA 
V	102660	EA 
V	102727	EA 
V	102794	EA 
V	102861	EA 
V	102928	EA 
V	102994	EA 
V	103061	EA 
V	103128	EA 
V	103195	EA 
V	103262	EA 
V	103329	EA 
V	103396	EA 
V	103464	EA 
V	103531	EA 
V	103597	EA 
V	103684	EA 
V	103752	EA 
V	103819	EA 
V	103886	EA 
V	103953	EA 
V	104020	EA 
V	104087	EA 
V	104154	EA 
V	104221	OZ 
V	104288	EA 
V	104354	EA 
V	104420	EA 
V	104486	EA 
V	104552	EA 
V	104638	EA 
V	104705	EA 
V	104772	EA 
V	104839	EA 
V	104906	EA 
V	104973	OZ 
V	105040	EA 
V	105106	EA 
V	105172	EA 
V	105238	EA 
V	105304	EA 
V	105371	EA 
V	105438	EA 
V	105505	EA 
V	105591	EA 
V	105658	EA 
V	105725	OZ 
V	105792	EA 
V	105858	EA 
V	105924	EA 
V	105990	EA 
V	106056	EA 
V	106123	EA 
V	106190	EA 
V	106257	EA 
V	106324	EA 
V	106391	OZ 
V	106477	OZ 
V	106544	EA 
V	106610	EA 
V	106676	EA 
V	106742	EA 
V	106808	EA 
V	106875	EA 
V	106942	EA 
V	107009	EA 
V	107076	EA 
V	107143	OZ 
V	107210	EA 
V	107276	EA 
V	107362	EA 
V	107428	EA 
V	107494	EA 
V	107560	EA 
V	107627	EA 
V	107694	EA 
V	107761	EA 
V	107828	EA 
V	107895	OZ 
V	107962	EA 
V	108028	EA 
V	108094	EA 
V	108160	EA 
V	108226	EA 
V	108312	EA 
V	108379	EA 
V	108446	EA 
V	108513	EA 
V	108580	EA 
V	108647	OZ 
V	108714	EA 
V	108780	EA 
V	108846	EA 
V	108912	EA 
V	108978	EA 
V	109045	EA 
V	109112	EA 
V	109179	EA 
V	109246	EA 
V	109313	OZ 
V	109380	EA 
V	109446	EA 
V	109512	EA 
V	109578	EA 
V	109644	EA 
V	109730	EA 
V	109797	EA 
V	109864	EA 
V	109931	EA 
V	109998	EA 
V	110065	OZ 
V	110132	EA 
V	110198	EA 
V	110264	EA 
V	110330	EA 
V	110396	EA 
V	110463	EA 
V	110530	EA 
V	110597	EA 
V	110683	EA 
V	110750	EA 
V	110817	OZ 
V	110884	EA 
V	110950	EA 
V	111016	EA 
V	111082	EA 
V	111148	EA 
V	111215	EA 
V	111282	EA 
V	111349	EA 
V	111416	EA 
V	111483	OZ 
V	111569	OZ 
V	111636	EA 
V	111702	EA 
V	111769	EA 
V	111835	EA 
V	111901	EA 
V	111968	EA 
V	112035	EA 
V	112102	EA 
V	112169	EA 
V	112236	OZ 
V	112303	EA 
V	112369	EA 
V	112455	EA 
V	112522	EA 
V	112588	EA 
V	112655	EA 
V	112722	EA 
V	112789	EA 
V	112856	EA 
V	112923	EA 
V	112990	OZ 
V	113057	EA 
V	113123	EA 
V	113209	EA 
V	113276	EA 
V	113342	EA 
V	113408	EA 
V	113475	EA 
V	113542	EA 
V	113609	EA 
V	113676	EA 
V	113743	OZ 
V	113810	EA 
V	113876	EA 
V	113943	EA 
V	114009	EA 
V	114075	EA 
V	114161	EA 
V	114228	EA 
V	114295	EA 
V	114362	EA 
V	114429	EA 
V	114496	OZ 
V	114563	EA 
V	114629	EA 
V	114696	EA 
V	114762	EA 
V	114828	EA 
V	114895	EA 
V	114962	EA 
V	115029	EA 
V	115115	EA 
V	115182	EA 
V	115249	OZ 
V	115316	EA 
V	115382	EA 
V	115449	EA 
V	115515	EA 
V	115581	EA 
V	115648	EA 
V	115715	EA 
V	115782	EA 
V	115849	EA 
V	115916	OZ 
V	116002	OZ 
V	116069	EA 
V	116135	EA 
V	116202	EA 
V	116268	EA 
V	116334	EA 
V	116401	EA 
V	116468	EA 
V	116535	EA 
V	116602	EA 
V	116669	OZ 
V	116736	EA 
V	116802	EA 
V	116888	EA 
V	116955	EA 
V	117021	EA 
V	117087	EA 
V	117173	EA 
V	117240	EA 
V	117307	EA 
V	117374	EA 
V	117441	EA 
V	117508	OZ 
V	117575	EA 
V	117641	EA 
V	117708	EA 
V	117774	EA 
V	117840	EA 
V	117907	EA 
V	117973	EA 
V	118040	EA 
V	118107	EA 
V	118174	EA 
V	118241	EA 
V	118308	EA 
V	118375	OZ 
V	118461	OZ 
V	118527	EA 
V	118593	EA 
V	118659	EA 
V	118725	EA 
V	118792	EA 
V	118859	EA 
V	118926	EA 
V	118993	EA 
V	119060	EA 
V	119127	OZ 
V	119193	EA 
V	119259	EA 
V	119345	EA 
V	119411	EA 
V	119477	EA 
V	119544	EA 
V	119611	EA 
V	119678	EA 
V	119745	EA 
V	119812	EA 
V	119879	OZ 
V	119946	EA 
V	120012	EA 
V	120079	EA 
V	120145	EA 
V	120212	EA 
V	120279	EA 
V	120346	EA 
V	120413	EA 
V	120499	EA 
V	120566	EA 
V	120633	OZ 
V	120700	EA 
V	120766	EA 
V	120833	EA 
V	120899	EA 
V	120966	EA 
V	121033	EA 
V	121100	EA 
V	121167	EA 
V	121234	EA 
V	121301	OZ 
V	121387	OZ 
V	121454	EA 
V	121520	EA 
V	121587	EA 
V	121653	EA 
V	121720	EA 
V	121787	EA 
V	121854	EA 
V	121921	EA 
V	121988	EA 
V	122055	OZ 
V	122122	EA 
V	122188	EA 
V	122255	EA 
V	122321	EA 
V	122388	EA 
V	122474	EA 
V	122541	EA 
V	122608	EA 
V	122675	EA 
V	122742	EA 
V	122809	OZ 
V	122876	EA 
V	122942	EA 
V	123009	EA 
V	123075	EA 
V	123142	EA 
V	123209	EA 
V	123276	EA 
V	123343	EA 
V	123429	EA 
V	123496	EA 
V	123563	OZ 
V	123630	EA 
V	123696	EA 
V	123763	EA 
V	123829	EA 
V	123896	EA 
V	123982	EA 
V	124049	EA 
V	124116	EA 
V	124183	EA 
V	124250	EA 
V	124317	OZ 
V	124383	EA 
V	124449	EA 
V	124515	EA 
V	124581	EA 
V	124648	EA 
V	124715	EA 
V	124782	EA 
V	124849	EA 
V	124916	EA 
V	124983	OZ 
V	125049	EA 
V	125115	EA 
V	125201	EA 
V	125267	EA 
V	125333	EA 
V	125399	EA 
V	125466	EA 
V	125533	EA 
V	125600	EA 
V	125667	EA 
V	125734	OZ 
V	125800	EA 
V	125866	EA 
V	125932	EA 
V	125998	EA 
V	126064	EA 
V	126150	EA 
V	126217	EA 
V	126284	EA 
V	126351	EA 
V	126418	EA 
V	126485	OZ 
V	126551	EA 
V	126617	EA 
V	126683	EA 
V	126749	EA 
V	126815	EA 
V	126882	EA 
V	126949	EA 
V	127016	EA 
V	127083	EA 
V	127150	OZ 
V	127216	EA 
V	127282	EA 
V	127368	EA 
V	127434	EA 
V	127500	EA 
V	127567	EA 
V	127634	EA 
V	127701	EA 
V	127768	EA 
V	127835	EA 
V	127902	OZ 
V	127968	EA 
V	128034	EA 
V	128100	EA 
V	128166	EA 
V	128233	EA 
V	128319	EA 
V	128386	EA 
V	128453	EA 
V	128520	EA 
V	128587	EA 
V	128654	OZ 
V	128720	EA 
V	128786	EA 
V	128852	EA 
V	128918	EA 
V	128985	EA 
V	129052	EA 
V	129119	EA 
V	129186	EA 
V	129272	EA 
V	129339	EA 
V	129406	OZ 
V	129472	EA 
V	129538	EA 
V	129604	EA 
V	129670	EA 
V	129737	EA 
V	129803	EA 
V	129870	EA 
V	129937	EA 
V	130004	EA 
V	130071	OZ 
V	130138	EA 
V	130205	EA 
V	130271	EA 
V	130338	EA 
V	130405	EA 
V	130472	EA 
V	130558	EA 
V	130625	EA 
V	130692	EA 
V	130759	EA 
V	130826	OZ 
V	130893	EA 
V	130960	EA 
V	131026	EA 
V	131093	EA 
V	131160	EA 
V	131227	EA 
V	131294	EA 
V	131380	EA 
V	131447	EA 
V	131514	EA 
V	131581	OZ 
V	131648	EA 
V	131715	EA 
V	131781	EA 
V	131848	EA 
V	131915	EA 
V	131982	EA 
V	132049	EA 
V	132116	EA 
V	132183	EA 
V	132250	OZ 
V	132336	OZ 
V	132403	EA 
V	132469	EA 
V	132535	EA 
V	132601	EA 
V	132668	EA 
V	132735	EA 
V	132802	EA 
V	132869	EA 
V	132936	EA 
V	133003	OZ 
V	133069	EA 
V	133136	EA 
V	133203	EA 
V	133269	EA 
V	133335	EA 
V	133402	EA 
V	133469	EA 
V	133536	EA 
V	133622	EA 
V	133689	EA 
V	133756	OZ 
V	133823	EA 
V	133890	EA 
V	133957	EA 
V	134024	EA 
V	134091	EA 
V	134157	EA 
V	134224	EA 
V	134309	EA 
V	134375	EA 
V	134440	EA 
V	134507	OZ 
V	134572	EA 
V	134638	EA 
V	134704	EA 
V	134771	EA 
V	134838	EA 
V	134903	EA 
V	134970	EA 
V	135037	IN 
V	135104	EA 
V	135189	EA 
V	135255	EA 
V	135321	EA 
V	135388	IN 
V	135456	EA 
V	135522	EA 
V	135588	EA 
V	135654	EA 
V	135721	EA 
V	135788	EA 
V	135873	EA 
V	135939	EA 
V	136006	EA 
V	136072	EA 
V	136139	EA 
V	136206	EA 
V	136270	EA 
V	136337	EA 
V	136404	EA 
V	136471	EA 
V	136538	EA 
V	136604	EA 
V	136671	EA 
V	136738	EA 
V	136805	EA 
V	136872	EA 
V	136939	EA 
V	137006	EA 
V	137073	EA 
V	137140	EA 
V	137207	EA 
V	137273	EA 
V	137339	EA 
V	137406	EA 
V	137491	EA 
V	137557	EA 
V	137624	EA 
V	137691	EA 
V	137758	EA 
V	137844	EA 
V	137911	EA 
V	137997	EA 
V	138064	EA 
V	138131	EA 
V	138198	EA 
V	138264	EA 
V	138331	EA 
V	138416	EA 
V	138482	EA 
V	138548	EA 
V	138613	EA 
V	138680	EA 
V	138746	EA 
V	138812	EA 
V	138878	EA 
V	138945	EA 
V	139012	EA 
V	139079	EA 
V	139146	EA 
V	139213	EA 
V	139280	EA 
V	139347	EA 
V	139413	EA 
V	139479	EA 
V	139544	EA 
V	139630	EA 
V	139697	EA 
V	139763	EA 
V	139829	EA 
V	139915	EA 
V	139981	EA 
V	140048	EA 
V	140115	EA 
V	140182	EA 
V	140249	EA 
V	140316	EA 
V	140382	EA 
V	140449	EA 
V	140516	EA 
V	140582	EA 
V	140647	EA 
V	140714	EA 
V	140780	EA 
V	140846	EA 
V	140912	EA 
V	140979	EA 
V	141046	EA 
V	141113	EA 
V	141180	EA 
V	141247	EA 
V	141313	EA 
V	141380	EA 
V	141447	EA 
V	141533	EA 
V	141600	EA 
V	141667	EA 
V	141734	EA 
V	141801	EA 
V	141868	EA 
V	141935	EA 
V	142001	EA 
V	142068	EA 
V	142135	EA 
V	142202	EA 
V	142268	EA 
V	142335	EA 
V	142401	EA 
V	142468	EA 
V	142533	EA 
V	142600	EA 
V	142667	EA 
V	142734	EA 
V	142801	EA 
V	142868	EA 
V	142934	EA 
V	143000	EA 
V	143067	EA 
V	143134	EA 
V	143200	EA 
V	143267	EA 
V	143333	EA 
V	143400	EA 
V	143467	EA 
V	143534	EA 
V	143601	EA 
V	143668	EA 
V	143735	EA 
V	143802	EA 
V	143869	EA 
V	143935	EA 
V	144002	EA 
V	144069	EA 
V	144136	EA 
V	144203	EA 
V	144269	EA 
V	144336	EA 
V	144403	EA 
V	144470	EA 
V	144556	EA 
V	144623	EA 
V	144690	EA 
V	144757	EA 
V	144824	EA 
V	144891	EA 
V	144958	EA 
V	145025	EA 
V	145092	EA 
V	145159	EA 
V	145226	EA 
V	145293	EA 
V	145359	EA 
V	145425	EA 
V	145510	EA 
V	145576	EA 
V	145643	EA 
V	145709	EA 
V	145775	EA 
V	145842	EA 
V	145908	EA 
V	145975	EA 
V	146042	EA 
V	146109	EA 
V	146175	EA 
V	146242	EA 
V	146309	EA 
V	146375	EA 
V	146461	EA 
V	146527	EA 
V	146593	EA 
V	146660	EA 
V	146726	EA 
V	146792	EA 
V	146859	EA 
V	146926	EA 
V	146993	EA 
V	147060	EA 
V	147127	EA 
V	147194	EA 
V	147261	EA 
V	147328	EA 
V	147394	EA 
V	147460	EA 
V	147526	EA 
V	147593	EA 
V	147659	EA 
V	147725	EA 
V	147792	EA 
V	147859	EA 
V	147925	EA 
V	147992	EA 
V	148059	EA 
V	148126	EA 
V	148193	EA 
V	148260	EA 
V	148327	EA 
V	148394	EA 
V	148461	EA 
V	148528	EA 
V	148595	EA 
V	148662	EA 
V	148747	EA 
V	148813	EA 
V	148880	EA 
V	148946	EA 
V	149013	EA 
V	149080	EA 
V	149147	EA 
V	149214	EA 
V	149281	EA 
V	149348	EA 
V	149434	EA 
V	149501	EA 
V	149568	EA 
V	149635	EA 
V	149702	EA 
V	149769	EA 
V	149835	EA 
V	149901	EA 
V	149968	EA 
V	150035	EA 
V	150102	EA 
V	150188	EA 
V	150255	EA 
V	150321	EA 
V	150388	EA 
V	150455	EA 
V	150520	EA 
V	150605	EA 
V	150671	EA 
V	150738	EA 
V	150803	EA 
V	150870	EA 
V	150935	EA 
V	151002	EA 
V	151069	EA 
V	151136	EA 
V	151203	EA 
V	151270	EA 
V	151337	EA 
V	151404	EA 
V	151471	EA 
V	151556	EA 
V	151621	EA 
V	151687	EA 
V	151754	EA 
V	151819	EA 
V	151886	EA 
V	151951	EA 
V	152017	EA 
V	152084	EA 
V	152151	EA 
V	152218	EA 
V	152284	EA 
V	152350	EA 
V	152416	EA 
V	152483	EA 
V	152548	EA 
V	152614	EA 
V	152681	EA 
V	152746	EA 
V	152813	EA 
V	152878	EA 
V	152944	EA 
V	153030	EA 
V	153096	EA 
V	153182	EA 
V	153249	EA 
V	153316	EA 
V	153383	EA 
V	153449	EA 
V	153515	EA 
V	153582	EA 
V	153649	EA 
V	153716	EA 
V	153802	EA 
V	153869	EA 
V	153936	EA 
V	154003	EA 
V	154070	EA 
V	154137	EA 
V	154202	EA 
V	154269	EA 
V	154336	EA 
V	154403	EA 
V	154470	EA 
V	154536	EA 
V	154603	EA 
V	154670	EA 
V	154737	EA 
V	154804	EA 
V	154871	EA 
V	154938	EA 
V	155023	EA 
V	155089	EA 
V	155174	EA 
V	155240	EA 
V	155305	EA 
V	155372	EA 
V	155458	EA 
V	155525	EA 
V	155592	EA 
V	155658	EA 
V	155744	EA 
V	155830	EA 
V	155896	EA 
V	155963	EA 
V	156030	EA 
V	156097	EA 
V	156164	EA 
V	156231	EA 
V	156298	EA 
V	156364	EA 
V	156431	EA 
V	156516	EA 
V	156581	EA 
V	156648	EA 
V	156715	EA 
V	156782	EA 
V	156849	EA 
V	156935	EA 
V	157002	EA 
V	157088	EA 
V	157155	EA 
V	157222	EA 
V	157289	EA 
V	157375	EA 
V	157442	EA 
V	157509	EA 
V	157576	EA 
V	157642	EA 
V	157708	EA 
V	157794	EA 
V	157861	EA 
V	157928	EA 
V	157995	EA 
V	158062	EA 
V	158129	EA 
V	158215	EA 
V	158282	EA 
V	158348	EA 
V	158415	EA 
V	158482	EA 
V	158549	EA 
V	158616	EA 
V	158683	EA 
V	158749	EA 
V	158816	EA 
V	158883	EA 
V	158949	EA 
V	159016	EA 
V	159083	EA 
V	159150	EA 
V	159217	EA 
V	159283	EA 
V	159349	EA 
V	159416	EA 
V	159483	EA 
V	159550	EA 
V	159616	EA 
V	159683	EA 
V	159749	EA 
V	159816	EA 
V	159882	EA 
V	159949	EA 
V	160016	EA 
V	160083	EA 
V	160169	EA 
V	160236	EA 
V	160302	EA 
V	160368	EA 
V	160435	EA 
V	160502	EA 
V	160569	EA 
V	160635	EA 
V	160702	EA 
V	160769	EA 
V	160854	EA 
V	160921	EA 
V	160987	EA 
V	161054	EA 
V	161121	EA 
V	161187	EA 
V	161254	EA 
V	161320	EA 
V	161386	EA 
V	161453	EA 
V	161520	EA 
V	161587	EA 
V	161653	EA 
V	161720	EA 
V	161787	EA 
V	161854	EA 
V	161920	EA 
V	161987	EA 
V	162054	EA 
V	162121	EA 
V	162188	EA 
V	162255	EA 
V	162322	EA 
V	162389	EA 
V	162455	EA 
V	162522	EA 
V	162589	EA 
V	162655	EA 
V	162722	EA 
V	162789	EA 
V	162856	EA 
V	162923	EA 
V	162990	EA 
V	163057	EA 
V	163124	EA 
V	163191	EA 
V	163256	EA 
V	163323	EA 
V	163390	EA 
V	163457	EA 
V	163524	EA 
V	163591	EA 
V	163657	EA 
V	163724	EA 
V	163791	EA 
V	163858	EA 
V	163924	EA 
V	163991	EA 
V	164077	EA 
V	164144	EA 
V	164211	EA 
V	164276	EA 
V	164343	EA 
V	164410	EA 
V	164477	EA 
V	164544	EA 
V	164630	EA 
V	164697	EA 
V	164783	EA 
V	164850	EA 
V	164917	EA 
V	164983	EA 
V	165050	EA 
V	165135	EA 
V	165201	EA 
V	165268	EA 
V	165333	EA 
V	165400	EA 
V	165467	EA 
V	165553	EA 
V	165619	EA 
V	165686	EA 
V	165753	EA 
V	165820	EA 
V	165886	EA 
V	165953	EA 
V	166019	EA 
V	166086	EA 
V	166151	EA 
V	166218	EA 
V	166285	EA 
V	166352	EA 
V	166417	EA 
V	166484	EA 
V	166551	EA 
V	166637	EA 
V	166704	EA 
V	166771	EA 
V	166838	EA 
V	166905	EA 
V	166991	EA 
V	167058	EA 
V	167124	EA 
V	167191	EA 
V	167256	EA 
V	167341	EA 
V	167407	EA 
V	167474	EA 
V	167541	EA 
V	167606	EA 
V	167673	EA 
V	167740	EA 
V	167807	EA 
V	167874	EA 
V	167941	EA 
V	168008	EA 
V	168075	EA 
V	168160	EA 
V	168226	EA 
V	168293	EA 
V	168358	EA 
V	168425	EA 
V	168492	EA 
V	168559	EA 
V	168624	EA 
V	168691	EA 
V	168758	EA 
V	168825	EA 
V	168892	EA 
V	168959	EA 
V	169026	EA 
V	169093	EA 
V	169160	EA 
V	169227	EA 
V	169294	EA 
V	169361	EA 
V	169428	EA 
V	169495	EA 
V	169561	EA 
V	169628	EA 
V	169695	EA 
V	169781	EA 
V	169848	EA 
V	169912	EA 
V	169978	EA 
V	170045	EA 
V	170112	EA 
V	170179	EA 
V	170265	EA 
V	170331	EA 
V	170398	EA 
V	170464	EA 
V	170531	EA 
V	170598	EA 
V	170665	EA 
V	170751	EA 
V	170817	EA 
V	170883	EA 
V	170949	EA 
V	171016	EA 
V	171083	EA 
V	171150	EA 
V	171217	EA 
V	171284	EA 
V	171350	EA 
V	171417	EA 
V	171484	EA 
V	171551	EA 
V	171618	EA 
V	171685	EA 
V	171751	EA 
V	171836	EA 
V	171902	EA 
V	171968	EA 
V	172035	EA 
V	172102	EA 
V	172169	EA 
V	172236	EA 
V	172303	EA 
V	172369	EA 
V	172436	EA 
V	172502	EA 
V	172569	EA 
V	172636	EA 
V	172703	EA 
V	172769	EA 
V	172835	EA 
V	172901	EA 
V	172968	EA 
V	173035	EA 
V	173102	EA 
V	173169	EA 
V	173236	EA 
V	173302	EA 
V	173369	EA 
V	173436	EA 
V	173503	EA 
V	173569	EA 
V	173636	EA 
V	173703	EA 
V	173769	EA 
V	173835	EA 
V	173902	EA 
V	173969	EA 
V	174036	EA 
V	174102	EA 
V	174169	EA 
V	174236	EA 
V	174303	EA 
V	174370	EA 
V	174437	EA 
V	174504	EA 
V	174571	EA 
V	174637	EA 
V	174704	EA 
V	174769	EA 
V	174836	EA 
V	174902	EA 
V	174969	EA 
V	175036	EA 
V	175102	EA 
V	175168	EA 
V	175235	EA 
V	175302	EA 
V	175368	EA 
V	175435	EA 
V	175502	EA 
V	175568	EA 
V	175635	EA 
V	175701	EA 
V	175768	EA 
V	175835	EA 
V	175902	EA 
V	175968	EA 
V	176034	EA 
V	176100	EA 
V	176167	EA 
V	176234	EA 
V	176301	EA 
V	176368	EA 
V	176435	EA 
V	176501	EA 
V	176568	EA 
V	176634	EA 
V	176701	EA 
V	176768	EA 
V	176835	EA 
V	176902	EA 
V	176968	EA 
V	177034	EA 
V	177101	EA 
V	177168	EA 
V	177234	EA 
V	177301	EA 
V	177367	EA 
V	177433	EA 
V	177500	EA 
V	177585	EA 
V	177651	EA 
V	177718	EA 
V	177785	EA 
V	177852	EA 
V	177918	EA 
V	177984	EA 
V	178050	EA 
V	178117	EA 
V	178184	EA 
V	178251	EA 
V	178318	EA 
V	178383	EA 
V	178450	EA 
V	178517	EA 
V	178583	EA 
V	178650	EA 
V	178717	EA 
V	178784	EA 
V	178850	EA 
V	178917	EA 
V	178983	EA 
V	179050	EA 
V	179116	EA 
V	179183	EA 
V	179250	EA 
V	179317	EA 
V	179384	EA 
V	179451	EA 
V	179517	EA 
V	179584	EA 
V	179651	EA 
V	179718	EA 
V	179785	EA 
V	179852	EA 
V	179919	EA 
V	179984	EA 
V	180049	EA 
V	180116	EA 
V	180183	EA 
V	180250	EA 
V	180317	EA 
V	180384	EA 
V	180450	EA 
V	180516	EA 
V	180582	EA 
V	180668	EA 
V	180735	EA 
V	180821	EA 
V	180888	EA 
V	180955	EA 
V	181022	EA 
V	181087	EA 
V	181152	EA 
V	181219	EA 
V	181286	EA 
V	181352	EA 
V	181438	EA 
V	181505	EA 
V	181572	EA 
V	181638	EA 
V	181705	EA 
V	181772	EA 
V	181839	EA 
V	181906	EA 
V	181973	EA 
V	182040	EA 
V	182105	EA 
V	182190	EA 
V	182255	EA 