\P\	Pos	ProductModelID\
T	5	5
N	0	0
K	0	1
#		
V	125	1
V	201	2
V	276	3
V	358	4
V	440	5
V	521	6
V	598	7
V	6044	8
V	6135	9
V	6212	10
V	11894	11
V	11982	12
V	12063	13
V	12147	14
V	12229	15
V	12313	16
V	12391	17
V	12471	18
V	12555	19
V	15066	20
V	15143	21
V	15220	22
V	15299	23
V	17582	24
V	17659	25
V	20140	26
V	20213	27
V	20288	28
V	22785	29
V	22860	30
V	22933	31
V	23016	32
V	23108	33
V	23182	34
V	25533	35
V	27951	36
V	28038	37
V	28126	38
V	28205	39
V	28282	40
V	28355	41
V	28438	42
V	28536	43
V	30760	44
V	32811	45
V	32899	46
V	32987	47
V	37141	48
V	41322	49
V	41406	50
V	41490	51
V	41574	52
V	41661	53
V	43664	54
V	43751	55
V	43838	56
V	43921	57
V	44004	58
V	44087	59
V	44162	60
V	44237	61
V	44312	62
V	44394	63
V	44476	64
V	44558	65
V	44645	66
V	46295	67
V	47952	68
V	48030	69
V	48108	70
V	48186	71
V	48276	72
V	48366	73
V	48456	74
V	48542	75
V	48628	76
V	48714	77
V	48797	78
V	48880	79
V	48970	80
V	49060	81
V	49150	82
V	49236	83
V	49322	84
V	49408	85
V	49489	86
V	49570	87
V	49651	88
V	49728	89
V	49805	90
V	49882	91
V	49959	92
V	50042	93
V	50121	94
V	50203	95
V	50285	96
V	50367	97
V	50449	98
V	50519	99
V	50595	100
V	50672	101
V	50749	102
V	50827	103
V	50909	104
V	50982	105
V	51055	106
V	51128	107
V	51208	108
V	51283	109
V	51371	110
V	51462	111
V	51540	112
V	51626	113
V	51708	114
V	51783	115
V	51859	116
V	51933	117
V	52012	118
V	52097	119
V	52172	120
V	52254	121
V	52341	122
V	52429	123
V	52517	124
V	52605	125
V	52693	126
V	52777	127
V	52858	128