\P\	Pos	VendorID\
T	5	5
N	0	0
#		
V	328	1580
V	437	1496
V	549	1494
V	662	1650
V	774	1654
V	890	1664
V	1008	1678
V	1126	1616
V	1238	1492
V	1351	1602
V	1468	1540
V	1582	1628
V	1701	1604
V	1818	1690
V	1930	1566
V	2041	1698
V	2154	1560
V	2273	1692
V	2392	1696
V	2511	1504
V	2622	1544
V	2736	1530
V	2855	1508
V	2974	1694
V	3088	1624
V	3203	1548
V	3313	1598
V	3425	1658
V	3544	1536
V	3656	1568
V	3765	1648
V	3878	1646
V	3996	1672
V	4109	1600
V	4224	1522
V	4339	1570
V	4459	1516
V	4571	1506
V	4690	1626
V	4805	1542
V	4922	1610
V	5041	1638
V	5160	1582
V	5274	1510
V	5386	1526
V	5505	1644
V	5620	1680
V	5740	1584
V	5859	1620
V	5975	1666
V	6088	1592
V	6198	1618
V	6309	1612
V	6422	1586
V	6541	1500
V	6652	1656
V	6765	1572
V	6876	1562
V	6989	1662
V	7098	1682
V	7217	1686
V	7329	1684
V	7447	1534
V	7560	1614
V	7671	1588
V	7786	1622
V	7899	1632
V	8014	1608
V	8128	1576
V	8248	1590
V	8350	1514
V	8467	1498
V	8586	1674
V	8699	1652
V	8818	1578
V	8937	1538
V	9056	1556
V	9175	1554
V	9289	1688
V	9401	1580
V	9514	1496
V	9627	1494
V	9741	1650
V	9854	1654
V	9971	1664
V	10090	1678
V	10209	1616
V	10321	1492
V	10434	1602
V	10551	1540
V	10664	1628
V	10783	1604
V	10895	1690
V	11007	1566
V	11118	1698
V	11231	1560
V	11350	1692
V	11469	1696
V	11588	1504
V	11699	1544
V	11814	1530
V	11934	1508
V	12054	1694
V	12168	1624
V	12284	1548
V	12395	1598
V	12508	1658
V	12628	1536
V	12743	1568
V	12863	1648
V	12977	1646
V	13097	1672
V	13211	1600
V	13327	1522
V	13443	1570
V	13564	1516
V	13677	1506
V	13797	1626
V	13913	1542
V	14031	1610
V	14151	1638
V	14271	1582
V	14381	1510
V	14494	1526
V	14614	1644
V	14730	1680
V	14851	1584
V	14971	1620
V	15088	1666
V	15202	1592
V	15313	1618
V	15425	1612
V	15539	1586
V	15659	1500
V	15771	1656
V	15889	1572
V	16001	1562
V	16114	1662
V	16224	1682
V	16344	1686
V	16457	1684
V	16577	1534
V	16690	1614
V	16799	1588
V	16915	1622
V	17030	1632
V	17146	1608
V	17261	1576
V	17382	1590
V	17485	1514
V	17603	1498
V	17723	1674
V	17837	1652
V	17954	1578
V	18073	1538
V	18193	1556
V	18313	1554
V	18427	1688
V	18540	1580
V	18654	1496
V	18767	1494
V	18882	1650
V	18996	1654
V	19114	1664
V	19234	1678
V	19354	1616
V	19467	1492
V	19581	1602
V	19699	1540
V	19814	1628
V	19934	1604
V	20050	1690
V	20163	1566
V	20275	1698
V	20389	1560
V	20509	1692
V	20629	1696
V	20751	1504
V	20863	1544
V	20978	1530
V	21098	1508
V	21212	1694
V	21327	1624
V	21443	1548
V	21554	1598
V	21670	1658
V	21790	1536
V	21903	1568
V	22023	1648
V	22137	1646
V	22258	1672
V	22379	1600
V	22495	1522
V	22611	1570
V	22729	1516
V	22842	1506
V	22962	1626
V	23078	1542
V	23196	1610
V	23316	1638
V	23436	1582
V	23550	1510
V	23663	1526
V	23783	1644
V	23899	1680
V	24020	1584
V	24139	1620
V	24256	1666
V	24371	1592
V	24482	1618
V	24594	1612
V	24708	1586
V	24828	1500
V	24940	1656
V	25054	1572
V	25166	1562
V	25281	1662
V	25391	1682
V	25511	1686
V	25625	1684
V	25746	1534
V	25860	1614
V	25974	1588
V	26090	1622
V	26203	1632
V	26319	1608
V	26434	1576
V	26555	1590
V	26658	1514
V	26776	1498
V	26896	1674
V	27010	1652
V	27130	1578
V	27250	1538
V	27370	1556
V	27490	1554
V	27604	1688
V	27717	1580
V	27831	1496
V	27945	1494
V	28060	1650
V	28174	1654
V	28292	1664
V	28412	1678
V	28531	1616
V	28644	1492
V	28759	1602
V	28877	1540
V	28991	1628
V	29111	1604
V	29229	1690
V	29342	1566
V	29454	1698
V	29568	1560
V	29688	1692
V	29804	1696
V	29925	1504
V	30037	1544
V	30152	1530
V	30272	1508
V	30392	1694
V	30506	1624
V	30622	1548
V	30733	1598
V	30846	1658
V	30966	1536
V	31080	1568
V	31197	1648
V	31311	1646
V	31432	1672
V	31552	1600
V	31668	1522
V	31784	1570
V	31904	1516
V	32017	1506
V	32137	1626
V	32253	1542
V	32371	1610
V	32491	1638
V	32611	1582
V	32725	1510
V	32838	1526
V	32958	1644
V	33074	1680
V	33194	1584
V	33310	1620
V	33427	1666
V	33540	1592
V	33651	1618
V	33763	1612
V	33877	1586
V	33997	1500
V	34109	1656
V	34222	1572
V	34334	1562
V	34450	1662
V	34560	1682
V	34680	1686
V	34795	1684
V	34915	1534
V	35028	1614
V	35142	1588
V	35258	1622
V	35372	1632
V	35492	1608
V	35607	1576
V	35728	1590
V	35831	1514
V	35949	1498
V	36069	1674
V	36183	1652
V	36300	1578
V	36419	1538
V	36539	1556
V	36659	1554
V	36771	1688
V	36884	1580
V	36998	1496
V	37112	1494
V	37227	1650
V	37341	1654
V	37459	1664
V	37579	1678
V	37699	1616
V	37812	1492
V	37928	1602
V	38046	1540
V	38158	1628
V	38278	1604
V	38396	1690
V	38509	1566
V	38621	1698
V	38735	1560
V	38855	1692
V	38970	1696
V	39094	1504
V	39206	1544
V	39321	1530
V	39441	1508
V	39561	1694
V	39671	1624
V	39787	1548
V	39898	1598
V	40011	1658
V	40131	1536
V	40244	1568
V	40364	1648
V	40478	1646
V	40599	1672
V	40712	1600
V	40828	1522
V	40944	1570
V	41062	1516
V	41175	1506
V	41295	1626
V	41411	1542
V	41529	1610
V	41649	1638
V	41769	1582
V	41881	1510
V	41994	1526
V	42114	1644
V	42230	1680
V	42349	1584
V	42466	1620
V	42583	1666
V	42698	1592
V	42809	1618
V	42921	1612
V	43035	1586
V	43155	1500
V	43267	1656
V	43380	1572
V	43492	1562
V	43605	1662
V	43715	1682
V	43835	1686
V	43949	1684
V	44068	1534
V	44183	1614
V	44291	1588
V	44407	1622
V	44521	1632
V	44641	1608
V	44756	1576
V	44877	1590
V	44980	1514
V	45098	1498
V	45218	1674
V	45332	1652
V	45449	1578
V	45569	1538
V	45689	1556
V	45809	1554
V	45919	1688
V	46032	1580
V	46146	1496
V	46258	1494
V	46373	1650
V	46487	1654
V	46605	1664
V	46725	1678
V	46844	1616
V	46958	1492
V	47068	1602
V	47186	1540
V	47297	1628
V	47417	1604
V	47535	1690
V	47648	1566
V	47760	1698
V	47874	1560
V	47994	1692
V	48112	1696
V	48230	1504
V	48342	1544
V	48457	1514
V	48575	1498
V	48695	1674
V	48809	1652
V	48925	1578
V	49045	1538
V	49165	1556
V	49285	1554
V	49398	1688
V	49511	1580
V	49625	1496
V	49736	1494
V	49851	1650
V	49965	1654
V	50083	1664
V	50203	1678
V	50323	1616
V	50436	1492
V	50549	1602
V	50667	1540
V	50782	1628
V	50902	1604
V	51020	1690
V	51133	1566
V	51245	1698
V	51359	1560
V	51479	1692
V	51597	1696
V	51715	1504
V	51827	1544
V	51942	1530
V	52062	1508
V	52182	1694
V	52292	1624
V	52408	1548
V	52519	1598
V	52633	1658
V	52753	1536
V	52867	1568
V	52985	1648
V	53099	1646
V	53220	1672
V	53342	1600
V	53458	1522
V	53574	1570
V	53694	1516
V	53807	1506
V	53927	1626
V	54043	1542
V	54161	1610
V	54281	1638
V	54401	1582
V	54516	1510
V	54629	1526
V	54749	1644
V	54865	1680
V	54985	1584
V	55102	1620
V	55219	1666
V	55335	1592
V	55446	1618
V	55558	1612
V	55672	1586
V	55792	1500
V	55904	1656
V	56019	1572
V	56131	1562
V	56244	1662
V	56354	1682
V	56474	1686
V	56587	1684
V	56706	1534
V	56820	1614
V	56934	1588
V	57050	1622
V	57164	1632
V	57284	1608
V	57399	1576
V	57520	1590
V	57623	1514
V	57741	1498
V	57861	1674
V	57975	1652
V	58096	1578
V	58216	1538
V	58336	1556
V	58456	1554
V	58571	1688
V	58684	1580
V	58798	1496
V	58913	1494
V	59028	1650
V	59142	1654
V	59260	1664
V	59380	1678
V	59500	1616
V	59614	1492
V	59729	1602
V	59841	1540
V	59958	1628
V	60078	1604
V	60196	1690
V	60309	1566
V	60421	1698
V	60535	1560
V	60655	1692
V	60771	1696
V	60892	1504
V	61004	1544
V	61119	1530
V	61239	1508
V	61359	1694
V	61469	1624
V	61585	1548
V	61696	1598
V	61810	1658
V	61930	1536
V	62043	1568
V	62158	1648
V	62272	1646
V	62393	1530
V	62513	1508
V	62633	1694
V	62743	1624
V	62859	1672
V	62973	1600
V	63089	1522
V	63205	1570
V	63323	1516
V	63436	1506
V	63556	1626
V	63672	1542
V	63790	1610
V	63910	1638
V	64030	1582
V	64144	1510
V	64257	1526
V	64377	1644
V	64493	1680
V	64612	1584
V	64731	1620
V	64848	1666
V	64962	1592
V	65073	1618
V	65185	1612
V	65299	1586
V	65419	1500
V	65531	1656
V	65645	1572
V	65757	1562
V	65870	1662
V	65980	1682
V	66100	1686
V	66214	1684
V	66335	1534
V	66449	1614
V	66561	1588
V	66677	1622
V	66790	1632
V	66910	1608
V	67025	1576
V	67146	1590
V	67249	1514
V	67367	1498
V	67487	1674
V	67601	1652
V	67721	1578
V	67841	1538
V	67961	1556
V	68081	1554
V	68196	1688
V	68309	1580
V	68423	1496
V	68537	1494
V	68652	1650
V	68766	1654
V	68884	1664
V	69004	1678
V	69123	1616
V	69238	1492
V	69353	1602
V	69469	1540
V	69583	1628
V	69703	1604
V	69821	1690
V	69934	1566
V	70046	1698
V	70160	1560
V	70280	1692
V	70400	1696
V	70519	1504
V	70631	1544
V	70746	1548
V	70857	1598
V	70970	1658
V	71090	1536
V	71203	1530
V	71323	1508
V	71443	1694
V	71553	1624
V	71669	1548
V	71780	1598
V	71894	1658
V	72014	1536
V	72128	1568
V	72243	1648
V	72357	1646
V	72478	1672
V	72592	1600
V	72708	1522
V	72824	1570
V	72944	1516
V	73057	1506
V	73177	1626
V	73293	1542
V	73411	1610
V	73531	1638
V	73651	1582
V	73761	1510
V	73874	1526
V	73994	1568
V	74113	1648
V	74227	1646
V	74348	1672
V	74470	1644
V	74586	1680
V	74706	1584
V	74822	1620
V	74939	1666
V	75057	1592
V	75168	1618
V	75280	1612
V	75394	1586
V	75514	1500
V	75626	1656
V	75741	1572
V	75853	1562
V	75964	1662
V	76074	1682
V	76194	1686
V	76308	1684
V	76428	1534
V	76542	1614
V	76655	1588
V	76771	1622
V	76884	1632
V	77004	1608
V	77119	1576
V	77240	1590
V	77343	1514
V	77461	1498
V	77581	1674
V	77695	1652
V	77812	1578
V	77932	1538
V	78052	1556
V	78172	1554
V	78286	1688
V	78399	1580
V	78513	1496
V	78627	1494
V	78742	1650
V	78856	1654
V	78974	1664
V	79094	1678
V	79214	1616
V	79327	1492
V	79441	1602
V	79553	1540
V	79670	1628
V	79790	1604
V	79908	1690
V	80021	1566
V	80133	1698
V	80247	1560
V	80367	1692
V	80482	1696
V	80603	1504
V	80715	1544
V	80830	1530
V	80950	1508
V	81064	1694
V	81174	1624
V	81290	1548
V	81401	1598
V	81513	1658
V	81633	1536
V	81746	1568
V	81865	1648
V	81979	1646
V	82100	1672
V	82220	1600
V	82336	1522
V	82452	1570
V	82573	1516
V	82686	1506
V	82806	1626
V	82922	1542
V	83040	1610
V	83160	1638
V	83280	1582
V	83393	1510
V	83506	1526
V	83626	1644
V	83742	1680
V	83861	1584
V	83978	1620
V	84095	1666
V	84208	1592
V	84319	1618
V	84431	1612
V	84545	1586
V	84665	1500
V	84777	1656
V	84890	1572
V	85002	1562
V	85116	1662
V	85226	1682
V	85346	1686
V	85457	1684
V	85576	1534
V	85690	1614
V	85804	1588
V	85920	1622
V	86033	1632
V	86153	1608
V	86268	1576
V	86389	1590
V	86492	1514
V	86610	1498
V	86730	1674
V	86844	1652
V	86965	1578
V	87085	1538
V	87205	1556
V	87325	1554
V	87438	1600
V	87554	1522
V	87670	1570
V	87791	1516
V	87904	1688
V	88017	1580
V	88131	1496
V	88245	1494
V	88360	1650
V	88474	1654
V	88592	1664
V	88712	1678
V	88831	1616
V	88948	1492
V	89061	1602
V	89177	1540
V	89291	1628
V	89411	1604
V	89529	1690
V	89642	1566
V	89754	1698
V	89868	1560
V	89988	1692
V	90106	1696
V	90222	1504
V	90334	1544
V	90449	1530
V	90569	1508
V	90689	1694
V	90799	1624
V	90915	1548
V	91026	1598
V	91139	1658
V	91259	1536
V	91372	1568
V	91483	1648
V	91597	1646
V	91718	1672
V	91832	1600
V	91948	1522
V	92064	1570
V	92185	1516
V	92298	1506
V	92418	1626
V	92534	1542
V	92652	1610
V	92772	1638
V	92892	1582
V	93007	1510
V	93120	1526
V	93240	1644
V	93356	1680
V	93476	1584
V	93593	1620
V	93710	1666
V	93822	1592
V	93933	1618
V	94045	1612
V	94159	1586
V	94279	1500
V	94391	1656
V	94504	1572
V	94616	1562
V	94732	1662
V	94842	1682
V	94962	1686
V	95077	1684
V	95196	1534
V	95310	1614
V	95425	1588
V	95541	1622
V	95655	1632
V	95775	1608
V	95890	1576
V	96011	1590
V	96114	1514
V	96232	1498
V	96352	1674
V	96466	1652
V	96587	1578
V	96706	1538
V	96826	1556
V	96946	1554
V	97064	1688
V	97177	1506
V	97297	1626
V	97413	1542
V	97531	1610
V	97651	1580
V	97765	1496
V	97879	1494
V	97994	1650
V	98108	1654
V	98226	1664
V	98346	1678
V	98466	1616
V	98580	1492
V	98695	1602
V	98813	1540
V	98928	1628
V	99048	1604
V	99166	1690
V	99279	1566
V	99391	1698
V	99505	1560
V	99625	1692
V	99745	1696
V	99864	1504
V	99976	1544
V	100091	1530
V	100211	1508
V	100331	1694
V	100446	1624
V	100562	1548
V	100673	1598
V	100786	1658
V	100906	1536
V	101021	1568
V	101139	1648
V	101253	1646
V	101372	1672
V	101486	1600
V	101602	1522
V	101718	1570
V	101839	1516
V	101952	1506
V	102072	1626
V	102188	1542
V	102306	1610
V	102426	1638
V	102546	1582
V	102661	1510
V	102774	1526
V	102894	1644
V	103010	1680
V	103129	1584
V	103249	1620
V	103366	1666
V	103479	1592
V	103590	1618
V	103702	1612
V	103816	1586
V	103936	1500
V	104048	1656
V	104163	1572
V	104275	1562
V	104389	1662
V	104499	1682
V	104619	1686
V	104733	1684
V	104852	1534
V	104966	1614
V	105080	1638
V	105200	1582
V	105315	1510
V	105428	1526
V	105548	1588
V	105664	1622
V	105778	1632
V	105898	1608
V	106013	1576
V	106134	1590
V	106237	1514
V	106355	1498
V	106475	1674
V	106589	1652
V	106710	1578
V	106830	1538
V	106950	1556
V	107070	1554
V	107180	1688
V	107293	1580
V	107407	1496
V	107525	1494
V	107640	1650
V	107754	1654
V	107872	1664
V	107992	1678
V	108112	1616
V	108225	1492
V	108338	1602
V	108456	1540
V	108569	1628
V	108689	1604
V	108807	1690
V	108920	1566
V	109032	1698
V	109146	1560
V	109266	1692
V	109386	1696
V	109504	1504
V	109616	1544
V	109729	1530
V	109849	1508
V	109969	1694
V	110083	1624
V	110199	1548
V	110310	1598
V	110422	1658
V	110542	1536
V	110655	1568
V	110772	1648
V	110886	1646
V	111006	1672
V	111129	1600
V	111245	1522
V	111361	1570
V	111482	1516
V	111595	1506
V	111715	1626
V	111831	1542
V	111949	1610
V	112069	1644
V	112185	1680
V	112306	1584
V	112426	1620
V	112543	1638
V	112663	1582
V	112777	1510
V	112890	1526
V	113010	1666
V	113123	1592
V	113234	1618
V	113346	1612
V	113460	1644
V	113576	1680
V	113697	1584
V	113817	1620
V	113934	1666
V	114048	1592
V	114159	1618
V	114271	1612
V	114385	1586
V	114505	1500
V	114617	1656
V	114732	1572
V	114844	1562
V	114957	1662
V	115067	1682
V	115187	1686
V	115300	1684
V	115420	1534
V	115533	1614
V	115641	1588
V	115757	1622
V	115870	1632
V	115986	1608
V	116101	1576
V	116223	1590
V	116327	1514
V	116442	1498
V	116563	1674
V	116678	1652
V	116800	1578
V	116921	1538
V	117042	1556
V	117163	1554
V	117278	1688
V	117392	1580
V	117507	1496
V	117621	1586
V	117742	1500
V	117855	1656
V	117972	1572
V	118085	1562
V	118199	1662
V	118310	1682
V	118431	1686
V	118543	1684
V	118663	1534
V	118778	1614
V	118887	1588
V	119004	1494
V	119120	1650
V	119235	1654
V	119354	1664
V	119475	1678
V	119596	1616
V	119710	1492
V	119826	1602
V	119939	1540
V	120054	1628
V	120175	1604
V	120294	1690
V	120408	1566
V	120521	1698
V	120636	1560
V	120757	1692
V	120874	1696
V	120995	1504
V	121108	1544
V	121222	1530
V	121343	1508
V	121464	1694
V	121575	1624
V	121692	1548
V	121804	1598
V	121918	1658
V	122039	1536
V	122153	1568
V	122273	1648
V	122388	1646
V	122508	1672
V	122632	1600
V	122749	1622
V	122863	1632
V	122980	1608
V	123096	1576
V	123218	1590
V	123322	1514
V	123438	1498
V	123559	1674
V	123674	1522
V	123791	1570
V	123913	1516
V	124027	1506
V	124148	1626
V	124265	1542
V	124384	1610
V	124505	1638
V	124626	1582
V	124742	1510
V	124856	1526
V	124977	1644
V	125094	1680
V	125216	1584
V	125337	1620
V	125455	1666
V	125570	1652
V	125692	1578
V	125812	1538
V	125933	1556
V	126054	1554
V	126172	1688
V	126286	1580
V	126401	1496
V	126517	1494
V	126633	1650
V	126748	1654
V	126867	1664
V	126988	1678
V	127109	1616
V	127223	1492
V	127338	1602
V	127455	1540
V	127568	1628
V	127689	1604
V	127808	1690
V	127922	1566
V	128035	1698
V	128150	1560
V	128271	1692
V	128387	1696
V	128509	1504
V	128622	1544
V	128738	1530
V	128859	1508
V	128980	1694
V	129091	1624
V	129208	1548
V	129320	1598
V	129434	1658
V	129555	1536
V	129673	1568
V	129794	1648
V	129909	1646
V	130030	1672
V	130144	1600
V	130261	1522
V	130378	1570
V	130497	1516
V	130611	1506
V	130732	1626
V	130849	1542
V	130968	1610
V	131089	1638
V	131210	1582
V	131326	1510
V	131440	1526
V	131561	1644
V	131678	1680
V	131800	1584
V	131918	1620
V	132036	1666
V	132152	1592
V	132264	1618
V	132377	1612
V	132492	1586
V	132613	1500
V	132726	1656
V	132841	1572
V	132954	1562
V	133069	1662
V	133180	1682
V	133301	1686
V	133417	1684
V	133537	1534
V	133653	1614
V	133764	1588
V	133881	1622
V	133995	1632
V	134112	1608
V	134228	1576
V	134350	1590
V	134454	1514
V	134573	1498
V	134694	1674
V	134809	1652
V	134927	1578
V	135048	1538
V	135169	1556
V	135290	1554
V	135401	1688
V	135515	1580
V	135630	1496
V	135743	1494
V	135859	1650
V	135974	1654
V	136093	1664
V	136214	1678
V	136334	1616
V	136448	1492
V	136559	1602
V	136678	1540
V	136793	1628
V	136914	1604
V	137033	1690
V	137147	1566
V	137260	1698
V	137375	1560
V	137496	1692
V	137615	1696
V	137734	1504
V	137847	1544
V	137963	1530
V	138084	1508
V	138205	1694
V	138316	1624
V	138433	1548
V	138545	1598
V	138658	1658
V	138779	1536
V	138894	1568
V	139013	1648
V	139128	1646
V	139250	1672
V	139373	1600
V	139490	1522
V	139607	1570
V	139728	1516
V	139842	1506
V	139963	1626
V	140080	1542
V	140199	1610
V	140320	1638
V	140441	1582
V	140556	1510
V	140670	1526
V	140791	1644
V	140908	1680
V	141029	1584
V	141147	1620
V	141265	1666
V	141382	1592
V	141494	1618
V	141607	1612
V	141722	1586
V	141843	1500
V	141956	1656
V	142071	1572
V	142184	1562
V	142298	1662
V	142409	1682
V	142530	1686
V	142644	1684
V	142764	1534
V	142878	1614
V	142987	1588
V	143104	1622
V	143218	1632
V	143339	1608
V	143455	1576
V	143577	1590
V	143681	1514
V	143800	1498
V	143921	1674
V	144036	1652
V	144153	1578
V	144274	1538
V	144395	1556
V	144516	1554
V	144632	1688
V	144746	1580
V	144861	1496
V	144975	1494
V	145091	1650
V	145206	1654
V	145325	1664
V	145446	1678
V	145567	1616
V	145681	1492
V	145797	1602
V	145910	1540
V	146029	1628
V	146150	1604
V	146269	1690
V	146383	1566
V	146496	1698
V	146611	1560
V	146732	1692
V	146848	1696
V	146970	1504
V	147083	1544
V	147199	1530
V	147320	1508
V	147441	1694
V	147552	1624
V	147669	1548
V	147781	1598
V	147896	1658
V	148017	1536
V	148131	1568
V	148247	1648
V	148362	1646
V	148484	1672
V	148598	1600
V	148715	1522
V	148832	1570
V	148954	1516
V	149068	1506
V	149189	1626
V	149306	1542
V	149425	1610
V	149546	1638
V	149667	1582
V	149782	1510
V	149896	1526
V	150017	1644
V	150134	1680
V	150254	1584
V	150372	1620
V	150490	1666
V	150604	1592
V	150716	1618
V	150829	1612
V	150944	1586
V	151065	1500
V	151178	1656
V	151292	1572
V	151405	1562
V	151520	1662
V	151631	1682
V	151752	1686
V	151869	1684
V	151989	1534
V	152102	1614
V	152216	1588
V	152333	1622
V	152448	1632
V	152569	1608
V	152685	1576
V	152807	1590
V	152911	1514
V	153030	1498
V	153151	1674
V	153266	1652
V	153388	1578
V	153509	1538
V	153630	1556
V	153751	1554
V	153865	1688
V	153979	1580
V	154094	1496
V	154213	1494
V	154329	1650
V	154444	1654
V	154563	1664
V	154684	1678
V	154805	1616
V	154920	1492
V	155034	1602
V	155151	1540
V	155265	1628
V	155386	1604
V	155505	1690
V	155619	1566
V	155732	1698
V	155847	1560
V	155968	1692
V	156087	1696
V	156206	1504
V	156319	1544
V	156433	1530
V	156554	1508
V	156675	1694
V	156786	1624
V	156903	1548
V	157015	1598
V	157129	1658
V	157250	1536
V	157364	1568
V	157475	1648
V	157590	1646
V	157712	1672
V	157836	1600
V	157953	1522
V	158070	1570
V	158192	1516
V	158306	1506
V	158427	1626
V	158544	1542
V	158663	1610
V	158784	1638
V	158905	1582
V	159021	1510
V	159135	1526
V	159256	1644
V	159373	1680
V	159495	1584
V	159613	1620
V	159731	1666
V	159846	1592
V	159958	1618
V	160071	1612
V	160186	1586
V	160307	1500
V	160420	1656
V	160536	1572
V	160649	1562
V	160764	1662
V	160875	1682
V	160996	1686
V	161111	1684
V	161231	1534
V	161347	1614
V	161462	1588
V	161579	1622
V	161693	1632
V	161810	1608
V	161926	1576
V	162048	1590
V	162152	1514
V	162267	1498
V	162388	1674
V	162503	1652
V	162625	1578
V	162746	1538
V	162867	1556
V	162988	1554
V	163104	1688
V	163218	1580
V	163333	1496
V	163447	1494
V	163563	1650
V	163678	1654
V	163797	1664
V	163918	1678
V	164039	1616
V	164154	1492
V	164270	1602
V	164383	1540
V	164498	1628
V	164619	1604
V	164738	1690
V	164852	1566
V	164965	1698
V	165080	1560
V	165201	1692
V	165320	1696
V	165440	1504
V	165553	1544
V	165667	1530
V	165788	1508
V	165909	1694
V	166020	1624
V	166137	1548
V	166249	1598
V	166364	1658
V	166485	1536
V	166600	1568
V	166718	1648
V	166833	1646
V	166953	1672
V	167077	1600
V	167194	1522
V	167311	1570
V	167433	1516
V	167547	1506
V	167668	1626
V	167785	1542
V	167904	1610
V	168025	1638
V	168146	1582
V	168261	1510
V	168375	1526
V	168496	1644
V	168613	1680
V	168735	1584
V	168853	1620
V	168971	1666
V	169086	1592
V	169198	1618
V	169311	1612
V	169426	1586
V	169547	1500
V	169660	1656
V	169776	1572
V	169889	1562
V	170003	1662
V	170114	1682
V	170235	1686
V	170349	1684
V	170469	1534
V	170582	1614
V	170698	1588
V	170815	1622
V	170929	1632
V	171046	1608
V	171162	1576
V	171284	1590
V	171388	1514
V	171504	1498
V	171625	1674
V	171740	1652
V	171862	1578
V	171983	1538
V	172104	1556
V	172225	1554
V	172340	1688
V	172454	1580
V	172569	1496
V	172684	1494
V	172800	1650
V	172915	1654
V	173034	1664
V	173155	1678
V	173276	1616
V	173391	1492
V	173506	1602
V	173623	1540
V	173734	1628
V	173855	1604
V	173969	1690
V	174083	1566
V	174196	1698
V	174311	1560
V	174432	1692
V	174549	1696
V	174671	1504
V	174784	1544
V	174898	1530
V	175019	1508
V	175140	1694
V	175251	1624
V	175368	1548
V	175480	1598
V	175594	1658
V	175715	1536
V	175829	1568
V	175949	1648
V	176064	1646
V	176185	1672
V	176300	1600
V	176417	1522
V	176534	1570
V	176656	1516
V	176770	1506
V	176891	1626
V	177008	1542
V	177127	1610
V	177248	1638
V	177369	1582
V	177480	1510
V	177594	1526
V	177715	1644
V	177832	1680
V	177954	1584
V	178072	1620
V	178190	1666
V	178306	1592
V	178418	1618
V	178531	1612
V	178646	1586
V	178767	1500
V	178880	1656
V	178994	1572
V	179107	1562
V	179223	1662
V	179334	1682
V	179455	1686
V	179570	1684
V	179691	1534
V	179805	1614
V	179921	1588
V	180038	1622
V	180152	1632
V	180269	1608
V	180385	1576
V	180507	1590
V	180611	1514
V	180726	1498
V	180847	1674
V	180962	1652
V	181084	1578
V	181205	1538
V	181326	1556
V	181447	1554
V	181561	1688
V	181675	1580
V	181790	1496
V	181905	1494
V	182021	1650
V	182136	1654
V	182255	1664
V	182376	1678
V	182497	1616
V	182612	1492
V	182726	1602
V	182845	1540
V	182961	1628
V	183082	1604
V	183199	1690
V	183313	1566
V	183426	1698
V	183541	1560
V	183662	1692
V	183783	1696
V	183904	1504
V	184017	1544
V	184131	1530
V	184252	1508
V	184367	1694
V	184483	1624
V	184600	1548
V	184712	1598
V	184826	1658
V	184947	1536
V	185061	1568
V	185181	1648
V	185296	1646
V	185416	1672
V	185531	1600
V	185648	1522
V	185765	1570
V	185887	1516
V	186001	1506
V	186122	1626
V	186239	1542
V	186358	1610
V	186479	1638
V	186600	1582
V	186716	1510
V	186830	1526
V	186951	1644
V	187068	1680
V	187190	1584
V	187311	1620
V	187429	1666
V	187543	1592
V	187655	1618
V	187768	1612
V	187883	1586
V	188004	1500
V	188117	1656
V	188232	1572
V	188345	1562
V	188461	1662
V	188572	1682
V	188693	1686
V	188807	1684
V	188927	1534
V	189042	1614
V	189155	1588
V	189272	1622
V	189386	1632
V	189503	1608
V	189619	1576
V	189741	1590
V	189845	1514
V	189961	1498
V	190082	1674
V	190197	1652
V	190318	1578
V	190439	1538
V	190560	1556
V	190681	1554
V	190797	1688
V	190911	1580
V	191026	1496
V	191142	1494
V	191258	1650
V	191373	1654
V	191492	1664
V	191613	1678
V	191734	1616
V	191848	1492
V	191964	1602
V	192083	1540
V	192198	1628
V	192319	1604
V	192433	1690
V	192547	1566
V	192660	1698
V	192775	1560
V	192896	1692
V	193017	1696
V	193138	1504
V	193251	1544
V	193367	1530
V	193488	1508
V	193609	1694
V	193724	1624
V	193841	1548
V	193953	1598
V	194068	1658
V	194189	1536
V	194304	1568
V	194420	1648
V	194535	1646
V	194656	1672
V	194770	1600
V	194887	1522
V	195004	1570
V	195126	1516
V	195240	1506
V	195361	1626
V	195478	1542
V	195597	1610
V	195718	1638
V	195839	1582
V	195953	1510
V	196067	1526
V	196188	1644
V	196305	1680
V	196427	1584
V	196548	1620
V	196666	1666
V	196781	1592
V	196893	1618
V	197006	1612
V	197121	1586
V	197242	1500
V	197355	1656
V	197469	1572
V	197582	1562
V	197696	1662
V	197807	1682
V	197928	1686
V	198040	1684
V	198161	1534
V	198276	1614
V	198386	1588
V	198503	1622
V	198620	1632
V	198737	1608
V	198853	1576
V	198975	1590
V	199079	1514
V	199198	1498
V	199319	1674
V	199434	1652
V	199552	1578
V	199672	1538
V	199793	1556
V	199914	1554
V	200029	1688
V	200143	1580
V	200258	1496
V	200372	1494
V	200488	1650
V	200603	1654
V	200722	1664
V	200843	1678
V	200964	1616
V	201079	1492
V	201194	1602
V	201313	1540
V	201429	1628
V	201550	1604
V	201667	1690
V	201781	1566
V	201894	1698
V	202009	1560
V	202130	1692
V	202251	1696
V	202374	1504
V	202487	1544
V	202603	1530
V	202724	1508
V	202839	1694
V	202955	1624
V	203072	1548
V	203184	1598
V	203298	1658
V	203419	1536
V	203533	1568
V	203654	1648
V	203769	1646
V	203891	1672
V	204013	1600
V	204130	1522
V	204247	1570
V	204366	1516
V	204480	1506
V	204601	1626
V	204718	1542
V	204837	1610
V	204958	1638
V	205079	1582
V	205195	1510
V	205309	1526
V	205430	1644
V	205547	1680
V	205669	1584
V	205789	1620
V	205907	1666
V	206022	1592
V	206134	1618
V	206247	1612
V	206362	1586
V	206483	1500
V	206596	1656
V	206711	1572
V	206824	1562
V	206939	1662
V	207050	1682
V	207171	1686
V	207287	1684
V	207409	1534
V	207525	1614
V	207640	1588
V	207757	1622
V	207871	1632
V	207988	1608
V	208104	1576
V	208226	1590
V	208330	1514
V	208449	1498
V	208570	1674
V	208685	1652
V	208806	1578
V	208927	1538
V	209048	1556
V	209169	1554
V	209284	1688
V	209398	1580
V	209513	1496
V	209628	1494
V	209744	1650
V	209859	1654
V	209978	1664
V	210099	1678
V	210219	1616
V	210335	1492
V	210450	1602
V	210569	1540
V	210685	1628
V	210806	1604
V	210925	1690
V	211039	1566
V	211152	1698
V	211267	1560
V	211388	1692
V	211505	1696
V	211627	1504
V	211740	1544
V	211856	1530
V	211977	1508
V	212098	1694
V	212213	1624
V	212330	1548
V	212442	1598
V	212556	1658
V	212677	1536
V	212793	1568
V	212912	1648
V	213027	1646
V	213149	1672
V	213264	1600
V	213381	1522
V	213498	1570
V	213619	1516
V	213733	1506
V	213854	1626
V	213971	1542
V	214090	1610
V	214211	1638
V	214332	1582
V	214446	1510
V	214560	1526
V	214681	1644
V	214798	1680
V	214919	1584
V	215036	1620
V	215154	1666
V	215267	1592
V	215379	1618
V	215492	1612
V	215607	1586
V	215728	1500
V	215841	1656
V	215955	1572
V	216068	1562
V	216185	1662
V	216296	1682
V	216417	1686
V	216533	1684
V	216654	1534
V	216768	1614
V	216883	1588
V	217000	1622
V	217115	1632
V	217236	1608
V	217352	1576
V	217474	1590
V	217578	1514
V	217697	1498
V	217818	1674
V	217933	1652
V	218051	1578
V	218171	1538
V	218292	1556
V	218413	1554
V	218526	1688
V	218640	1580
V	218755	1496
V	218870	1494
V	218986	1650
V	219101	1654
V	219220	1664
V	219341	1678
V	219462	1616
V	219576	1492
V	219689	1602
V	219808	1540
V	219923	1628
V	220044	1604
V	220163	1690
V	220277	1566
V	220390	1698
V	220505	1560
V	220626	1692
V	220742	1696
V	220867	1504
V	220980	1544
V	221096	1530
V	221217	1508
V	221338	1694
V	221449	1624
V	221566	1548
V	221678	1598
V	221792	1658
V	221913	1536
V	222030	1568
V	222151	1648
V	222266	1646
V	222388	1672
V	222510	1600
V	222627	1522
V	222744	1570
V	222863	1516
V	222977	1506
V	223098	1626
V	223215	1542
V	223334	1610
V	223455	1638
V	223576	1582
V	223692	1510
V	223806	1526
V	223927	1644
V	224044	1680
V	224164	1584
V	224282	1620
V	224400	1666
V	224515	1592
V	224627	1618
V	224740	1612
V	224855	1586
V	224976	1500
V	225089	1656
V	225203	1572
V	225316	1562
V	225430	1662
V	225541	1682
V	225662	1686
V	225776	1684
V	225896	1534
V	226011	1614
V	226120	1588
V	226237	1622
V	226352	1632
V	226473	1608
V	226589	1576
V	226711	1590
V	226815	1514
V	226934	1498
V	227055	1674
V	227170	1652
V	227288	1578
V	227409	1538
V	227530	1556
V	227651	1554
V	227762	1688
V	227876	1580
V	227991	1496
V	228104	1494
V	228220	1650
V	228335	1654
V	228454	1664
V	228575	1678
V	228695	1616
V	228810	1492
V	228921	1602
V	229040	1540
V	229155	1628
V	229276	1604
V	229395	1690
V	229509	1566
V	229622	1698
V	229737	1560
V	229858	1692
V	229977	1696
V	230096	1504
V	230209	1544
V	230325	1530
V	230446	1508
V	230567	1694
V	230678	1624
V	230795	1548
V	230907	1598
V	231022	1658
V	231143	1536
V	231258	1568
V	231377	1648
V	231492	1646
V	231614	1672
V	231734	1600
V	231851	1522
V	231968	1570
V	232089	1516
V	232203	1506
V	232324	1626
V	232441	1542
V	232560	1610
V	232681	1638
V	232802	1582
V	232917	1510
V	233031	1526
V	233152	1644
V	233269	1680
V	233390	1584
V	233508	1620
V	233626	1666
V	233740	1592
V	233852	1618
V	233965	1612
V	234080	1586
V	234201	1500
V	234314	1656
V	234430	1572
V	234543	1562
V	234657	1662
V	234768	1682
V	234889	1686
V	235005	1684
V	235125	1534
V	235240	1614
V	235355	1588
V	235472	1622
V	235587	1632
V	235708	1608
V	235824	1576
V	235946	1590
V	236050	1514
V	236169	1498
V	236290	1674
V	236405	1652
V	236522	1578
V	236643	1538
V	236764	1556
V	236885	1554
V	237001	1688
V	237115	1580
V	237230	1496
V	237345	1494
V	237461	1650
V	237576	1654
V	237695	1664
V	237816	1678
V	237937	1616
V	238052	1492
V	238168	1602
V	238281	1540
V	238400	1628
V	238521	1604
V	238640	1690
V	238754	1566
V	238867	1698
V	238982	1560
V	239103	1692
V	239219	1696
V	239341	1504
V	239454	1544
V	239570	1530
V	239691	1508
V	239812	1694
V	239923	1624
V	240040	1548
V	240152	1598
V	240267	1658
V	240388	1536
V	240502	1568
V	240618	1648
V	240733	1646
V	240855	1672
V	240969	1600
V	241086	1522
V	241203	1570
V	241325	1516
V	241439	1506
V	241560	1626
V	241677	1542
V	241796	1610
V	241917	1638
V	242038	1582
V	242153	1510
V	242267	1526
V	242388	1644
V	242505	1680
V	242625	1584
V	242743	1620
V	242861	1666
V	242975	1592
V	243087	1618
V	243200	1612
V	243315	1586
V	243436	1500
V	243549	1656
V	243664	1572
V	243777	1562
V	243892	1662
V	244003	1682
V	244124	1686
V	244239	1684
V	244359	1534
V	244472	1614
V	244585	1588
V	244702	1622
V	244817	1632
V	244938	1608
V	245054	1576
V	245176	1590
V	245280	1514
V	245399	1498
V	245520	1674
V	245635	1652
V	245757	1578
V	245878	1538
V	245999	1556
V	246120	1554
V	246234	1688
V	246348	1580
V	246463	1496
V	246577	1494
V	246693	1650
V	246808	1654
V	246927	1664
V	247048	1678
V	247169	1616
V	247284	1492
V	247398	1602
V	247515	1540
V	247629	1628
V	247750	1604
V	247869	1690
V	247983	1566
V	248096	1698
V	248211	1560
V	248332	1692
V	248451	1696
V	248570	1504
V	248683	1544
V	248797	1530
V	248918	1508
V	249039	1694
V	249150	1624
V	249267	1548
V	249379	1598
V	249493	1658
V	249614	1536
V	249728	1568
V	249839	1648
V	249954	1646
V	250076	1672
V	250200	1600
V	250317	1522
V	250434	1570
V	250556	1516
V	250670	1506
V	250791	1626
V	250908	1542
V	251027	1610
V	251148	1638
V	251269	1582
V	251385	1510
V	251499	1526
V	251620	1644
V	251737	1680
V	251859	1584
V	251977	1620
V	252095	1666
V	252210	1592
V	252322	1618
V	252435	1612
V	252550	1586
V	252671	1500
V	252784	1656
V	252900	1572
V	253013	1562
V	253128	1662
V	253239	1682
V	253360	1686
V	253475	1684
V	253595	1534
V	253710	1614
V	253822	1588
V	253939	1622
V	254053	1632
V	254170	1608
V	254286	1576
V	254408	1590
V	254512	1514
V	254627	1498
V	254748	1674
V	254863	1652
V	254985	1578
V	255106	1538
V	255227	1556
V	255348	1554
V	255464	1688
V	255578	1580
V	255693	1496
V	255807	1494
V	255923	1650
V	256038	1654
V	256157	1664
V	256278	1678
V	256399	1616
V	256513	1492
V	256629	1602
V	256742	1540
V	256857	1628
V	256978	1604
V	257097	1690
V	257211	1566
V	257324	1698
V	257439	1560
V	257560	1692
V	257679	1696
V	257799	1504
V	257912	1544
V	258026	1530
V	258147	1508
V	258268	1694
V	258379	1624
V	258496	1548
V	258608	1598
V	258723	1658
V	258844	1536
V	258959	1568
V	259077	1648
V	259192	1646
V	259312	1672
V	259436	1600
V	259553	1522
V	259670	1570
V	259792	1516
V	259906	1506
V	260027	1626
V	260144	1542
V	260263	1610
V	260384	1638
V	260505	1582
V	260623	1510
V	260737	1526
V	260858	1644
V	260975	1680
V	261097	1584
V	261215	1620
V	261333	1666
V	261448	1592
V	261560	1618
V	261673	1612
V	261788	1586
V	261909	1500
V	262022	1656
V	262138	1572
V	262251	1562
V	262365	1662
V	262476	1682
V	262597	1686
V	262711	1684
V	262831	1534
V	262945	1614
V	263054	1588
V	263171	1622
V	263285	1632
V	263402	1608
V	263518	1576
V	263640	1590
V	263744	1514
V	263860	1498
V	263981	1674
V	264096	1652
V	264218	1578
V	264339	1538
V	264460	1556
V	264581	1554
V	264696	1688
V	264810	1580
V	264925	1496
V	265040	1494
V	265156	1650
V	265271	1654
V	265390	1664
V	265511	1678
V	265632	1616
V	265748	1492
V	265863	1602
V	265980	1540
V	266091	1628
V	266212	1604
V	266326	1690
V	266440	1566
V	266553	1698
V	266668	1560
V	266789	1692
V	266906	1696
V	267028	1504
V	267141	1544
V	267255	1530
V	267376	1508
V	267497	1694
V	267608	1624
V	267725	1548
V	267837	1598
V	267950	1658
V	268071	1536
V	268185	1568
V	268305	1648
V	268420	1646
V	268541	1672
V	268656	1600
V	268773	1522
V	268890	1570
V	269012	1516
V	269126	1506
V	269247	1626
V	269364	1542
V	269483	1610
V	269604	1638
V	269725	1582
V	269836	1510
V	269950	1526
V	270071	1644
V	270188	1680
V	270310	1584
V	270428	1620
V	270546	1666
V	270662	1592
V	270774	1618
V	270887	1612
V	271002	1586
V	271123	1500
V	271236	1656
V	271351	1572
V	271464	1562
V	271579	1662
V	271690	1682
V	271811	1686
V	271926	1684
V	272047	1534
V	272161	1614
V	272274	1588
V	272391	1622
V	272505	1632
V	272622	1608
V	272738	1576
V	272860	1590
V	272964	1514
V	273079	1498
V	273200	1674
V	273315	1652
V	273437	1578
V	273558	1538
V	273679	1556
V	273800	1554
V	273914	1688
V	274028	1580
V	274143	1496
V	274258	1494
V	274374	1650
V	274489	1654
V	274608	1664
V	274729	1678
V	274850	1616
V	274965	1492
V	275079	1602
V	275198	1540
V	275314	1628
V	275435	1604
V	275552	1690
V	275666	1566
V	275779	1698
V	275894	1560
V	276015	1692
V	276136	1696
V	276257	1504
V	276370	1544
V	276484	1530
V	276605	1508
V	276720	1694
V	276836	1624
V	276953	1548
V	277065	1598
V	277179	1658
V	277300	1536
V	277414	1568
V	277534	1648
V	277649	1646
V	277769	1672
V	277884	1600
V	278001	1522
V	278118	1570
V	278240	1516
V	278354	1506
V	278475	1626
V	278592	1542
V	278711	1610
V	278832	1638
V	278953	1582
V	279069	1510
V	279183	1526
V	279304	1644
V	279421	1680
V	279543	1584
V	279664	1620
V	279782	1666
V	279896	1592
V	280008	1618
V	280121	1612
V	280236	1586
V	280357	1500
V	280470	1656
V	280585	1572
V	280698	1562
V	280812	1662
V	280923	1682
V	281044	1686
V	281158	1684
V	281278	1534
V	281393	1614
V	281506	1588
V	281623	1622
V	281737	1632
V	281854	1608
V	281970	1576
V	282092	1590
V	282196	1514
V	282312	1498
V	282433	1674
V	282548	1652
V	282669	1578
V	282790	1538
V	282911	1556
V	283032	1554
V	283148	1688
V	283262	1580
V	283377	1496
V	283493	1494
V	283609	1650
V	283724	1654
V	283843	1664
V	283964	1678
V	284085	1616
V	284199	1492
V	284315	1602
V	284434	1540
V	284549	1628
V	284670	1604
V	284784	1690
V	284898	1566
V	285011	1698
V	285126	1560
V	285247	1692
V	285368	1696
V	285489	1504
V	285602	1544
V	285718	1530
V	285839	1508
V	285960	1694
V	286075	1624
V	286192	1548
V	286304	1598
V	286418	1658
V	286539	1536
V	286654	1568
V	286770	1648
V	286885	1646
V	287006	1672
V	287120	1600
V	287237	1522
V	287354	1570
V	287476	1516
V	287590	1506
V	287711	1626
V	287828	1542
V	287947	1610
V	288068	1638
V	288189	1582
V	288303	1510
V	288417	1526
V	288538	1644
V	288655	1680
V	288777	1584
V	288898	1620
V	289016	1666
V	289131	1592
V	289243	1618
V	289356	1612
V	289471	1586
V	289592	1500
V	289705	1656
V	289824	1572
V	289937	1562
V	290051	1662
V	290162	1682
V	290283	1686
V	290395	1684
V	290516	1534
V	290631	1614
V	290741	1588
V	290858	1622
V	290975	1632
V	291092	1608
V	291208	1576
V	291330	1590
V	291434	1514
V	291553	1498
V	291674	1674
V	291789	1652
V	291907	1578
V	292027	1538
V	292148	1556
V	292269	1554
V	292384	1688
V	292498	1580
V	292613	1496
V	292727	1494
V	292843	1650
V	292958	1654
V	293077	1664
V	293198	1678
V	293319	1616
V	293433	1492
V	293548	1602
V	293667	1540
V	293783	1628
V	293904	1604
V	294021	1690
V	294135	1566
V	294248	1698
V	294363	1560
V	294484	1692
V	294605	1696
V	294728	1504
V	294841	1544
V	294957	1530
V	295078	1508
V	295193	1694
V	295309	1624
V	295426	1548
V	295538	1598
V	295655	1658
V	295776	1536
V	295890	1568
V	296011	1648
V	296126	1646
V	296248	1672
V	296370	1600
V	296487	1522
V	296604	1570
V	296723	1516
V	296837	1506
V	296958	1626
V	297075	1542
V	297194	1610
V	297315	1638
V	297436	1582
V	297552	1510
V	297666	1526
V	297787	1644
V	297904	1680
V	298026	1584
V	298146	1620
V	298264	1666
V	298379	1592
V	298491	1618
V	298604	1612
V	298719	1586
V	298840	1500
V	298953	1656
V	299068	1572
V	299181	1562
V	299296	1662
V	299407	1682
V	299528	1686
V	299644	1684
V	299766	1534
V	299882	1614
V	299997	1588
V	300114	1622
V	300228	1632
V	300345	1608
V	300461	1576
V	300583	1590
V	300687	1514
V	300806	1498
V	300927	1674
V	301042	1652
V	301163	1578
V	301284	1538
V	301405	1556
V	301526	1554
V	301641	1688
V	301755	1580
V	301870	1496
V	301985	1494
V	302101	1650
V	302216	1654
V	302335	1664
V	302456	1678
V	302576	1616
V	302690	1492
V	302805	1602
V	302924	1540
V	303040	1628
V	303161	1604
V	303280	1690
V	303394	1566
V	303507	1698
V	303622	1560
V	303743	1692
V	303860	1696
V	303982	1504
V	304095	1544
V	304211	1530
V	304332	1508
V	304453	1694
V	304568	1624
V	304685	1548
V	304797	1598
V	304911	1658
V	305032	1536
V	305148	1568
V	305267	1648
V	305382	1646
V	305504	1672
V	305619	1600
V	305736	1522
V	305853	1570
V	305974	1516
V	306088	1506
V	306209	1626
V	306326	1542
V	306445	1610
V	306566	1638
V	306687	1582
V	306801	1510
V	306915	1526
V	307036	1644
V	307153	1680
V	307274	1584
V	307391	1620
V	307509	1666
V	307622	1592
V	307734	1618
V	307847	1612
V	307962	1586
V	308083	1500
V	308196	1656
V	308310	1572
V	308423	1562
V	308540	1662
V	308651	1682
V	308772	1686
V	308888	1684
V	309009	1534
V	309123	1614
V	309238	1588
V	309355	1622
V	309470	1632
V	309591	1608
V	309707	1576
V	309829	1590
V	309933	1514
V	310052	1498
V	310173	1674
V	310288	1652
V	310406	1578
V	310526	1538
V	310647	1556
V	310768	1554
V	310881	1688
V	310995	1580
V	311110	1496
V	311225	1494
V	311341	1650
V	311456	1654
V	311575	1664
V	311696	1678
V	311817	1616
V	311931	1492
V	312044	1602
V	312163	1540
V	312278	1628
V	312399	1604
V	312518	1690
V	312632	1566
V	312745	1698
V	312860	1560
V	312981	1692
V	313097	1696
V	313222	1504
V	313335	1544
V	313451	1530
V	313572	1508
V	313693	1694
V	313804	1624
V	313921	1548
V	314033	1598
V	314147	1658
V	314268	1536
V	314385	1568
V	314506	1648
V	314621	1646
V	314743	1672
V	314865	1600
V	314982	1522
V	315099	1570
V	315218	1516
V	315332	1506
V	315453	1626
V	315570	1542
V	315689	1610
V	315810	1638
V	315931	1582
V	316047	1510
V	316161	1526
V	316282	1644
V	316399	1680
V	316519	1584
V	316637	1620
V	316755	1666
V	316870	1592
V	316982	1618
V	317095	1612
V	317210	1586
V	317331	1500
V	317444	1656
V	317558	1572
V	317671	1562
V	317785	1662
V	317896	1682
V	318017	1686
V	318131	1684
V	318251	1534
V	318366	1614
V	318475	1588
V	318592	1622
V	318707	1632
V	318828	1608
V	318944	1576
V	319066	1590
V	319170	1514
V	319289	1498
V	319410	1674
V	319525	1652
V	319643	1578
V	319764	1538
V	319885	1556
V	320006	1554
V	320117	1688
V	320231	1580
V	320346	1496
V	320459	1494
V	320575	1650
V	320690	1654
V	320809	1664
V	320930	1678
V	321050	1616
V	321165	1492
V	321276	1602
V	321395	1540
V	321510	1628
V	321631	1604
V	321750	1690
V	321864	1566
V	321977	1698
V	322092	1560
V	322213	1692
V	322332	1696
V	322451	1504
V	322564	1544
V	322680	1530
V	322801	1508
V	322922	1694
V	323033	1624
V	323150	1548
V	323262	1598
V	323377	1658
V	323498	1536
V	323613	1568
V	323732	1648
V	323847	1646
V	323969	1672
V	324089	1600
V	324206	1522
V	324323	1570
V	324444	1516
V	324558	1506
V	324679	1626
V	324796	1542
V	324915	1610
V	325036	1638
V	325157	1582
V	325272	1510
V	325386	1526
V	325507	1644
V	325624	1680
V	325745	1584
V	325863	1620
V	325981	1666
V	326095	1592
V	326207	1618
V	326320	1612
V	326435	1586
V	326556	1500
V	326669	1656
V	326785	1572
V	326898	1562
V	327012	1662
V	327123	1682
V	327244	1686
V	327360	1684
V	327480	1534
V	327595	1614
V	327710	1588
V	327827	1622
V	327942	1632
V	328063	1608
V	328179	1576
V	328301	1590
V	328405	1514
V	328524	1498
V	328645	1674
V	328760	1652
V	328877	1578
V	328998	1538
V	329119	1556
V	329240	1554
V	329356	1688
V	329470	1580
V	329585	1496
V	329700	1494
V	329816	1650
V	329931	1654
V	330050	1664
V	330171	1678
V	330292	1616
V	330407	1492
V	330523	1602
V	330636	1540
V	330755	1628
V	330876	1604
V	330995	1690
V	331109	1566
V	331222	1698
V	331337	1560
V	331458	1692
V	331574	1696
V	331696	1504
V	331809	1544
V	331925	1530
V	332046	1508
V	332167	1694
V	332278	1624
V	332395	1548
V	332507	1598
V	332622	1658
V	332743	1536
V	332857	1568
V	332973	1648
V	333088	1646
V	333210	1672
V	333324	1600
V	333441	1522
V	333558	1570
V	333680	1516
V	333794	1506
V	333915	1626
V	334032	1542
V	334151	1610
V	334272	1638
V	334393	1582
V	334508	1510
V	334622	1526
V	334743	1644
V	334860	1680
V	334980	1584
V	335098	1620
V	335216	1666
V	335330	1592
V	335442	1618
V	335555	1612
V	335670	1586
V	335791	1500
V	335904	1656
V	336019	1572
V	336132	1562
V	336247	1662
V	336358	1682
V	336479	1686
V	336594	1684
V	336714	1534
V	336827	1614
V	336940	1588
V	337057	1622
V	337172	1632
V	337293	1608
V	337409	1576
V	337531	1590
V	337635	1514
V	337754	1498
V	337875	1674
V	337990	1652
V	338112	1578
V	338233	1538
V	338354	1556
V	338475	1554
V	338589	1688
V	338703	1580
V	338818	1496
V	338932	1494
V	339048	1650
V	339163	1654
V	339282	1664
V	339403	1678
V	339524	1616
V	339639	1492
V	339753	1602
V	339870	1540
V	339984	1628
V	340105	1604
V	340224	1690
V	340338	1566
V	340451	1698
V	340566	1560
V	340687	1692
V	340806	1696
V	340925	1504
V	341038	1544
V	341152	1530
V	341273	1508
V	341394	1694
V	341505	1624
V	341622	1548
V	341734	1598
V	341848	1658
V	341969	1536
V	342083	1568
V	342194	1648
V	342309	1646
V	342431	1672
V	342555	1600
V	342672	1522
V	342789	1570
V	342911	1516
V	343025	1506
V	343146	1626
V	343263	1542
V	343382	1610
V	343503	1638
V	343624	1582
V	343740	1510
V	343854	1526
V	343975	1644
V	344092	1680
V	344214	1584
V	344332	1620
V	344450	1666
V	344565	1592
V	344677	1618
V	344790	1612
V	344905	1586
V	345026	1500
V	345139	1656
V	345255	1572
V	345368	1562
V	345483	1662
V	345594	1682
V	345715	1686
V	345830	1684
V	345950	1534
V	346065	1614
V	346177	1588
V	346294	1622
V	346408	1632
V	346525	1608
V	346641	1576
V	346763	1590
V	346867	1514
V	346982	1498
V	347103	1674
V	347218	1652
V	347340	1578
V	347461	1538
V	347582	1556
V	347703	1554
V	347819	1688
V	347933	1580
V	348048	1496
V	348162	1494
V	348278	1650
V	348393	1654
V	348512	1664
V	348633	1678
V	348754	1616
V	348868	1492
V	348984	1602
V	349097	1540
V	349212	1628
V	349333	1604
V	349452	1690
V	349566	1566
V	349679	1698
V	349794	1560
V	349915	1692
V	350034	1696
V	350154	1504
V	350267	1544
V	350381	1530
V	350502	1508
V	350623	1694
V	350734	1624
V	350851	1548
V	350963	1598
V	351078	1658
V	351199	1536
V	351314	1568
V	351432	1648
V	351547	1646
V	351667	1672
V	351791	1600
V	351908	1522
V	352025	1570
V	352147	1516
V	352261	1506
V	352382	1626
V	352499	1542
V	352618	1610
V	352739	1638
V	352860	1582
V	352978	1510
V	353092	1526
V	353213	1644
V	353330	1680
V	353452	1584
V	353570	1620
V	353688	1666
V	353803	1592
V	353915	1618
V	354028	1612
V	354143	1586
V	354264	1500
V	354377	1656
V	354493	1572
V	354606	1562
V	354720	1662
V	354831	1682
V	354952	1686
V	355066	1684
V	355186	1534
V	355300	1614
V	355409	1588
V	355526	1622
V	355640	1632
V	355757	1608
V	355873	1576
V	355995	1590
V	356099	1514
V	356215	1498
V	356336	1674
V	356451	1652
V	356573	1578
V	356694	1538
V	356815	1556
V	356936	1554
V	357051	1688
V	357165	1580
V	357280	1496
V	357395	1494
V	357511	1650
V	357626	1654
V	357745	1664
V	357866	1678
V	357987	1616
V	358103	1492
V	358218	1602
V	358335	1540
V	358446	1628
V	358567	1604
V	358681	1690
V	358795	1566
V	358908	1698
V	359023	1560
V	359144	1692
V	359261	1696
V	359383	1504
V	359496	1544
V	359610	1530
V	359731	1508
V	359852	1694
V	359963	1624
V	360080	1548
V	360192	1598
V	360305	1658
V	360426	1536
V	360540	1568
V	360660	1648
V	360775	1646
V	360896	1672
V	361011	1600
V	361128	1522
V	361245	1570
V	361367	1516
V	361481	1506
V	361602	1626
V	361719	1542
V	361838	1610
V	361959	1638
V	362080	1582
V	362191	1510
V	362305	1526
V	362426	1644
V	362543	1680
V	362665	1584
V	362783	1620
V	362901	1666
V	363017	1592
V	363129	1618
V	363242	1612
V	363357	1586
V	363478	1500
V	363591	1656
V	363706	1572
V	363819	1562
V	363934	1662
V	364045	1682
V	364166	1686
V	364281	1684
V	364402	1534
V	364516	1614
V	364629	1588
V	364746	1622
V	364860	1632
V	364977	1608
V	365093	1576
V	365215	1590
V	365319	1514
V	365434	1498
V	365555	1674
V	365670	1652
V	365792	1578
V	365913	1538
V	366034	1556
V	366155	1554
V	366269	1688
V	366383	1580
V	366498	1496
V	366613	1494
V	366729	1650
V	366844	1654
V	366963	1664
V	367084	1678
V	367205	1616
V	367320	1492
V	367434	1602
V	367553	1540
V	367669	1628
V	367790	1604
V	367907	1690
V	368021	1566
V	368134	1698
V	368249	1560
V	368370	1692
V	368491	1696
V	368612	1504
V	368725	1544
V	368839	1530
V	368960	1508
V	369075	1694
V	369191	1624
V	369308	1548
V	369420	1598
V	369534	1658
V	369655	1536
V	369769	1568
V	369889	1648
V	370004	1646
V	370124	1672
V	370239	1600
V	370356	1522
V	370473	1570
V	370595	1516
V	370709	1506
V	370830	1626
V	370947	1542
V	371066	1610
V	371187	1638
V	371308	1582
V	371424	1510
V	371538	1526
V	371659	1644
V	371776	1680
V	371898	1584
V	372019	1620
V	372137	1666
V	372251	1592
V	372363	1618
V	372476	1612
V	372591	1586
V	372712	1500
V	372825	1656
V	372940	1572
V	373053	1562
V	373167	1662
V	373278	1682
V	373399	1686
V	373513	1684
V	373633	1534
V	373748	1614
V	373861	1588
V	373978	1622
V	374092	1632
V	374209	1608
V	374325	1576
V	374447	1590
V	374551	1514
V	374667	1498
V	374788	1674
V	374903	1652
V	375024	1578
V	375145	1538
V	375266	1556
V	375387	1554
V	375503	1688
V	375617	1580
V	375732	1496
V	375848	1494
V	375964	1650
V	376079	1654
V	376198	1664
V	376319	1678
V	376440	1616
V	376554	1492
V	376670	1602
V	376789	1540
V	376904	1628
V	377025	1604
V	377139	1690
V	377253	1566
V	377366	1698
V	377481	1560
V	377602	1692
V	377723	1696
V	377844	1504
V	377957	1544
V	378073	1530
V	378194	1508
V	378315	1694
V	378430	1624
V	378547	1548
V	378659	1598
V	378773	1658
V	378894	1536
V	379009	1568
V	379125	1648
V	379240	1646
V	379361	1672
V	379475	1600
V	379592	1522
V	379709	1570
V	379831	1516
V	379945	1506
V	380066	1626
V	380183	1542
V	380302	1610
V	380423	1638
V	380544	1582
V	380658	1510
V	380772	1526
V	380893	1644
V	381010	1680
V	381132	1584
V	381253	1620
V	381371	1666
V	381486	1592
V	381598	1618
V	381711	1612
V	381826	1586
V	381947	1500
V	382060	1656
V	382179	1572
V	382292	1562
V	382406	1662
V	382517	1682
V	382638	1686
V	382750	1684
V	382871	1534
V	382986	1614
V	383096	1588
V	383213	1622
V	383330	1632
V	383447	1608
V	383563	1576
V	383685	1590
V	383789	1514
V	383908	1498
V	384029	1674
V	384144	1652
V	384262	1578
V	384382	1538
V	384503	1556
V	384624	1554
V	384739	1688
V	384853	1580
V	384968	1496
V	385082	1494
V	385198	1650
V	385313	1654
V	385432	1664
V	385553	1678
V	385674	1616
V	385788	1492
V	385903	1602
V	386022	1540
V	386138	1628
V	386259	1604
V	386376	1690
V	386490	1566
V	386603	1698
V	386718	1560
V	386839	1692
V	386960	1696
V	387083	1504
V	387196	1544
V	387312	1530
V	387433	1508
V	387548	1694
V	387664	1624
V	387781	1548
V	387893	1598
V	388010	1658
V	388131	1536
V	388245	1568
V	388366	1648
V	388481	1646
V	388603	1672
V	388725	1600
V	388842	1522
V	388959	1570
V	389078	1516
V	389192	1506
V	389313	1626
V	389430	1542
V	389549	1610
V	389670	1638
V	389791	1582
V	389907	1510
V	390021	1526
V	390142	1644
V	390259	1680
V	390381	1584
V	390501	1620
V	390619	1666
V	390734	1592
V	390846	1618
V	390959	1612
V	391074	1586
V	391195	1500
V	391308	1656
V	391423	1572
V	391536	1562
V	391651	1662
V	391762	1682
V	391883	1686
V	391999	1684
V	392121	1534
V	392237	1614
V	392352	1588
V	392469	1622
V	392583	1632
V	392700	1608
V	392816	1576
V	392938	1590
V	393042	1514
V	393161	1498
V	393282	1674
V	393397	1652
V	393518	1578
V	393639	1538
V	393760	1556
V	393881	1554
V	393996	1688
V	394110	1580
V	394225	1496
V	394340	1494
V	394456	1650
V	394571	1654
V	394690	1664
V	394811	1678
V	394931	1616
V	395045	1492
V	395160	1602
V	395279	1540
V	395395	1628
V	395516	1604
V	395635	1690
V	395749	1566
V	395862	1698
V	395977	1560
V	396098	1692
V	396215	1696
V	396337	1504
V	396450	1544
V	396566	1530
V	396687	1508
V	396808	1694
V	396923	1624
V	397040	1548
V	397152	1598
V	397266	1658
V	397387	1536
V	397503	1568
V	397622	1648
V	397737	1646
V	397859	1672
V	397974	1600
V	398091	1522
V	398208	1570
V	398329	1516
V	398443	1506
V	398564	1626
V	398681	1542
V	398800	1610
V	398921	1638
V	399042	1582
V	399156	1510
V	399270	1526
V	399391	1644
V	399508	1680
V	399629	1584
V	399746	1620
V	399864	1666
V	399977	1592
V	400089	1618
V	400202	1612
V	400317	1586
V	400438	1500
V	400551	1656
V	400665	1572
V	400778	1562
V	400895	1662
V	401006	1682
V	401127	1686
V	401243	1684
V	401364	1534
V	401478	1614
V	401593	1588
V	401710	1622
V	401825	1632
V	401946	1608
V	402062	1576
V	402184	1590
V	402288	1514
V	402407	1498
V	402528	1674
V	402643	1652
V	402761	1578
V	402881	1538
V	403002	1556
V	403123	1554
V	403236	1688
V	403350	1580
V	403465	1496
V	403580	1494
V	403696	1650
V	403811	1654
V	403930	1664
V	404051	1678
V	404172	1616
V	404286	1492
V	404399	1602
V	404518	1540
V	404633	1628
V	404754	1604
V	404873	1690
V	404987	1566
V	405100	1698
V	405215	1560
V	405336	1692
V	405452	1696
V	405577	1504
V	405690	1544
V	405806	1530
V	405927	1508
V	406048	1694
V	406159	1624
V	406276	1548
V	406388	1598
V	406502	1658
V	406623	1536
V	406740	1568
V	406861	1648
V	406976	1646
V	407098	1672
V	407220	1600
V	407337	1522
V	407454	1570
V	407573	1516
V	407687	1506
V	407808	1626
V	407925	1542
V	408044	1610
V	408165	1638
V	408286	1582
V	408402	1510
V	408516	1526
V	408637	1644
V	408754	1680
V	408874	1584
V	408992	1620
V	409110	1666
V	409225	1592
V	409337	1618
V	409450	1612
V	409565	1586
V	409686	1500
V	409799	1656
V	409913	1572
V	410026	1562
V	410140	1662
V	410251	1682
V	410372	1686
V	410486	1684
V	410606	1534
V	410721	1614
V	410830	1588
V	410947	1622
V	411062	1632
V	411183	1608
V	411299	1576
V	411421	1590
V	411525	1514
V	411644	1498
V	411765	1674
V	411880	1652
V	411998	1578
V	412119	1538
V	412240	1556
V	412361	1554
V	412472	1688
V	412586	1580
V	412701	1496
V	412814	1494
V	412930	1650
V	413045	1654
V	413164	1664
V	413285	1678
V	413405	1616
V	413520	1492
V	413631	1602
V	413750	1540
V	413865	1628
V	413986	1604
V	414105	1690
V	414219	1566
V	414332	1698
V	414447	1560
V	414568	1692
V	414687	1696
V	414806	1504
V	414919	1544
V	415035	1530
V	415156	1508
V	415277	1694
V	415388	1624
V	415505	1548
V	415617	1598
V	415732	1658
V	415853	1536
V	415968	1568
V	416087	1648
V	416202	1646
V	416324	1672
V	416444	1600
V	416561	1522
V	416678	1570
V	416799	1516
V	416913	1506
V	417034	1626
V	417151	1542
V	417270	1610
V	417391	1638
V	417512	1582
V	417627	1510
V	417741	1526
V	417862	1644
V	417979	1680
V	418100	1584
V	418218	1620
V	418336	1666
V	418450	1592
V	418562	1618
V	418675	1612
V	418790	1586
V	418911	1500
V	419024	1656
V	419140	1572
V	419253	1562
V	419367	1662
V	419478	1682
V	419599	1686
V	419715	1684
V	419835	1534
V	419950	1614
V	420065	1588
V	420182	1622
V	420297	1632
V	420418	1608
V	420534	1576
V	420656	1590
V	420760	1514
V	420879	1498
V	421000	1674
V	421115	1652
V	421232	1578
V	421353	1538
V	421474	1556
V	421595	1554
V	421711	1688
V	421825	1580
V	421940	1496
V	422055	1494
V	422171	1650
V	422286	1654
V	422405	1664
V	422526	1678
V	422647	1616
V	422762	1492
V	422878	1602
V	422991	1540
V	423110	1628
V	423231	1604
V	423350	1690
V	423464	1566
V	423577	1698
V	423692	1560
V	423813	1692
V	423929	1696
V	424051	1504
V	424164	1544
V	424280	1530
V	424401	1508
V	424522	1694
V	424633	1624
V	424750	1548
V	424862	1598
V	424977	1658
V	425098	1536
V	425212	1568
V	425328	1648
V	425443	1646
V	425565	1672
V	425679	1600
V	425796	1522
V	425913	1570
V	426035	1516
V	426149	1506
V	426270	1626
V	426387	1542
V	426506	1610
V	426627	1638
V	426748	1582
V	426863	1510
V	426977	1526
V	427098	1644
V	427215	1680
V	427335	1584
V	427453	1620
V	427571	1666
V	427685	1592
V	427797	1618
V	427910	1612
V	428025	1586
V	428146	1500
V	428259	1656
V	428374	1572
V	428487	1562
V	428602	1662
V	428713	1682
V	428834	1686
V	428949	1684
V	429069	1534
V	429182	1614
V	429295	1588
V	429412	1622
V	429527	1632
V	429648	1608
V	429764	1576
V	429886	1590
V	429990	1514
V	430109	1498
V	430230	1674
V	430345	1652
V	430467	1578
V	430588	1538
V	430709	1556
V	430830	1554
V	430944	1688
V	431058	1580
V	431173	1496
V	431287	1494
V	431403	1650
V	431518	1654
V	431637	1664
V	431758	1678
V	431879	1616
V	431994	1492
V	432108	1602
V	432225	1540
V	432339	1628
V	432460	1604
V	432579	1690
V	432693	1566
V	432806	1698
V	432921	1560
V	433042	1692
V	433161	1696
V	433280	1504
V	433393	1544
V	433507	1530
V	433628	1508
V	433749	1694
V	433860	1624
V	433977	1548
V	434089	1598
V	434203	1658
V	434324	1536
V	434438	1568
V	434549	1648
V	434664	1646
V	434786	1672
V	434910	1600
V	435027	1522
V	435144	1570
V	435266	1516
V	435380	1506
V	435501	1626
V	435618	1542
V	435737	1610
V	435858	1638
V	435979	1582
V	436095	1510
V	436209	1526
V	436330	1644
V	436447	1680
V	436569	1584
V	436687	1620
V	436805	1666
V	436920	1592
V	437032	1618
V	437145	1612
V	437260	1586
V	437381	1500
V	437494	1656
V	437610	1572
V	437723	1562
V	437838	1662
V	437949	1682
V	438070	1686
V	438185	1684
V	438305	1534
V	438420	1614
V	438532	1588
V	438649	1622
V	438763	1632
V	438880	1608
V	438996	1576
V	439118	1590
V	439222	1514
V	439337	1498
V	439458	1674
V	439573	1652
V	439695	1578
V	439816	1538
V	439937	1556
V	440058	1554
V	440174	1688
V	440288	1580
V	440403	1496
V	440517	1494
V	440633	1650
V	440748	1654
V	440867	1664
V	440988	1678
V	441109	1616
V	441223	1492
V	441339	1602
V	441452	1540
V	441567	1628
V	441688	1604
V	441807	1690
V	441921	1566
V	442034	1698
V	442149	1560
V	442270	1692
V	442389	1696
V	442509	1504
V	442622	1544
V	442736	1530
V	442857	1508
V	442978	1694
V	443089	1624
V	443206	1548
V	443318	1598
V	443433	1658
V	443554	1536
V	443669	1568
V	443787	1648
V	443902	1646
V	444022	1672
V	444146	1600
V	444263	1522
V	444380	1570
V	444502	1516
V	444616	1506
V	444737	1626
V	444854	1542
V	444973	1610
V	445094	1638
V	445215	1582
V	445333	1510
V	445447	1526
V	445568	1644
V	445685	1680
V	445807	1584
V	445925	1620
V	446043	1666
V	446158	1592
V	446270	1618
V	446383	1612
V	446498	1586
V	446619	1500
V	446732	1656
V	446848	1572
V	446961	1562
V	447075	1662
V	447186	1682
V	447307	1686
V	447421	1684
V	447541	1534
V	447655	1614
V	447764	1588
V	447881	1622
V	447995	1632
V	448112	1608
V	448228	1576
V	448350	1590
V	448454	1514
V	448570	1498
V	448691	1674
V	448806	1652
V	448928	1578
V	449049	1538
V	449170	1556
V	449291	1554
V	449406	1688
V	449520	1580
V	449635	1496
V	449750	1494
V	449866	1650
V	449981	1654
V	450100	1664
V	450221	1678
V	450342	1616
V	450458	1492
V	450573	1602
V	450690	1540
V	450801	1628
V	450922	1604
V	451036	1690
V	451150	1566
V	451263	1698
V	451378	1560
V	451499	1692
V	451616	1696
V	451738	1504
V	451851	1544
V	451965	1530
V	452086	1508
V	452207	1694
V	452318	1624
V	452435	1548
V	452547	1598
V	452660	1658
V	452781	1536
V	452895	1568
V	453015	1648
V	453130	1646
V	453251	1672
V	453366	1600
V	453483	1522
V	453600	1570
V	453722	1516
V	453836	1506
V	453957	1626
V	454074	1542
V	454193	1610
V	454314	1638
V	454435	1582
V	454546	1510
V	454660	1526
V	454781	1644
V	454898	1680
V	455020	1584
V	455138	1620
V	455256	1666
V	455372	1592
V	455484	1618
V	455597	1612
V	455712	1586
V	455833	1500
V	455946	1656
V	456061	1572
V	456174	1562
V	456289	1662
V	456400	1682
V	456521	1686
V	456636	1684
V	456757	1534
V	456871	1614
V	456984	1588
V	457101	1622
V	457215	1632
V	457332	1608
V	457448	1576
V	457570	1590
V	457674	1514
V	457789	1498
V	457910	1674
V	458025	1652
V	458147	1578
V	458268	1538
V	458389	1556
V	458510	1554
V	458624	1688
V	458738	1580
V	458853	1496
V	458968	1494
V	459084	1650
V	459199	1654
V	459318	1664
V	459439	1678
V	459560	1616
V	459675	1492
V	459789	1602
V	459908	1540
V	460024	1628
V	460145	1604
V	460262	1690
V	460376	1566
V	460489	1698
V	460604	1560
V	460725	1692
V	460846	1696
V	460967	1504
V	461080	1544
V	461194	1530
V	461315	1508
V	461430	1694
V	461546	1624
V	461663	1548
V	461775	1598
V	461889	1658
V	462010	1536
V	462124	1568
V	462244	1648
V	462359	1646
V	462479	1672
V	462594	1600
V	462711	1522
V	462828	1570
V	462950	1516
V	463064	1506
V	463185	1626
V	463302	1542
V	463421	1610
V	463542	1638
V	463663	1582
V	463779	1510
V	463893	1526
V	464014	1644
V	464131	1680
V	464253	1584
V	464374	1620
V	464492	1666
V	464606	1592
V	464718	1618
V	464831	1612
V	464946	1586
V	465067	1500
V	465180	1656
V	465295	1572
V	465408	1562
V	465522	1662
V	465633	1682
V	465754	1686
V	465868	1684
V	465988	1534
V	466103	1614
V	466216	1588
V	466333	1622
V	466447	1632
V	466564	1608
V	466680	1576
V	466802	1590
V	466906	1520
V	467034	1574
V	467146	1636
V	467272	1636
V	467393	1636
V	467507	1518
V	467631	1594
V	467754	1676
V	467880	1546
V	467999	1574
V	468116	1546
V	468241	1636