\P\	Pos	ShipMethodID\
T	5	5
N	0	0
#
V	328	3
V	437	5
V	549	2
V	662	5
V	774	4
V	890	3
V	1008	3
V	1126	5
V	1238	5
V	1351	5
V	1468	4
V	1582	5
V	1701	4
V	1818	5
V	1930	5
V	2041	5
V	2154	5
V	2273	5
V	2392	2
V	2511	1
V	2622	1
V	2736	2
V	2855	1
V	2974	1
V	3088	2
V	3203	2
V	3313	4
V	3425	5
V	3544	4
V	3656	2
V	3765	5
V	3878	2
V	3996	4
V	4109	1
V	4224	1
V	4339	2
V	4459	1
V	4571	5
V	4690	2
V	4805	2
V	4922	4
V	5041	5
V	5160	5
V	5274	5
V	5386	2
V	5505	1
V	5620	5
V	5740	5
V	5859	5
V	5975	5
V	6088	2
V	6198	4
V	6309	4
V	6422	5
V	6541	1
V	6652	4
V	6765	1
V	6876	4
V	6989	2
V	7098	4
V	7217	4
V	7329	5
V	7447	5
V	7560	5
V	7671	5
V	7786	5
V	7899	5
V	8014	5
V	8128	5
V	8248	1
V	8350	5
V	8467	4
V	8586	2
V	8699	4
V	8818	3
V	8937	5
V	9056	4
V	9175	5
V	9289	4
V	9401	5
V	9514	5
V	9627	2
V	9741	5
V	9854	4
V	9971	3
V	10090	3
V	10209	5
V	10321	5
V	10434	5
V	10551	4
V	10664	5
V	10783	4
V	10895	5
V	11007	5
V	11118	5
V	11231	5
V	11350	5
V	11469	4
V	11588	1
V	11699	1
V	11814	2
V	11934	1
V	12054	1
V	12168	2
V	12284	2
V	12395	4
V	12508	5
V	12628	4
V	12743	2
V	12863	5
V	12977	5
V	13097	4
V	13211	1
V	13327	1
V	13443	2
V	13564	1
V	13677	5
V	13797	2
V	13913	2
V	14031	4
V	14151	5
V	14271	4
V	14381	5
V	14494	2
V	14614	1
V	14730	5
V	14851	5
V	14971	5
V	15088	4
V	15202	2
V	15313	4
V	15425	4
V	15539	5
V	15659	1
V	15771	4
V	15889	1
V	16001	4
V	16114	2
V	16224	4
V	16344	4
V	16457	4
V	16577	4
V	16690	5
V	16799	5
V	16915	4
V	17030	5
V	17146	5
V	17261	5
V	17382	1
V	17485	5
V	17603	4
V	17723	2
V	17837	1
V	17954	3
V	18073	5
V	18193	4
V	18313	5
V	18427	4
V	18540	5
V	18654	4
V	18767	2
V	18882	5
V	18996	4
V	19114	3
V	19234	3
V	19354	4
V	19467	4
V	19581	5
V	19699	4
V	19814	5
V	19934	3
V	20050	5
V	20163	5
V	20275	5
V	20389	5
V	20509	5
V	20629	2
V	20751	1
V	20863	1
V	20978	2
V	21098	1
V	21212	1
V	21327	2
V	21443	2
V	21554	4
V	21670	5
V	21790	4
V	21903	1
V	22023	5
V	22137	2
V	22258	4
V	22379	1
V	22495	1
V	22611	2
V	22729	1
V	22842	5
V	22962	2
V	23078	2
V	23196	4
V	23316	5
V	23436	5
V	23550	5
V	23663	2
V	23783	1
V	23899	5
V	24020	5
V	24139	5
V	24256	4
V	24371	2
V	24482	4
V	24594	4
V	24708	5
V	24828	1
V	24940	4
V	25054	1
V	25166	5
V	25281	2
V	25391	4
V	25511	4
V	25625	5
V	25746	5
V	25860	5
V	25974	5
V	26090	5
V	26203	5
V	26319	5
V	26434	5
V	26555	1
V	26658	5
V	26776	4
V	26896	2
V	27010	4
V	27130	5
V	27250	5
V	27370	4
V	27490	4
V	27604	4
V	27717	5
V	27831	4
V	27945	2
V	28060	5
V	28174	4
V	28292	3
V	28412	3
V	28531	4
V	28644	5
V	28759	5
V	28877	4
V	28991	5
V	29111	4
V	29229	5
V	29342	5
V	29454	5
V	29568	5
V	29688	5
V	29804	2
V	29925	1
V	30037	1
V	30152	2
V	30272	1
V	30392	1
V	30506	2
V	30622	2
V	30733	4
V	30846	5
V	30966	4
V	31080	5
V	31197	5
V	31311	2
V	31432	4
V	31552	1
V	31668	1
V	31784	4
V	31904	1
V	32017	5
V	32137	2
V	32253	2
V	32371	4
V	32491	5
V	32611	4
V	32725	5
V	32838	2
V	32958	1
V	33074	5
V	33194	5
V	33310	5
V	33427	4
V	33540	2
V	33651	4
V	33763	4
V	33877	5
V	33997	1
V	34109	4
V	34222	1
V	34334	4
V	34450	2
V	34560	4
V	34680	5
V	34795	4
V	34915	4
V	35028	4
V	35142	5
V	35258	5
V	35372	5
V	35492	5
V	35607	5
V	35728	1
V	35831	5
V	35949	4
V	36069	2
V	36183	1
V	36300	3
V	36419	5
V	36539	4
V	36659	4
V	36771	4
V	36884	5
V	36998	4
V	37112	2
V	37227	5
V	37341	4
V	37459	3
V	37579	4
V	37699	5
V	37812	4
V	37928	5
V	38046	4
V	38158	5
V	38278	4
V	38396	5
V	38509	5
V	38621	5
V	38735	5
V	38855	5
V	38970	2
V	39094	1
V	39206	1
V	39321	2
V	39441	1
V	39561	1
V	39671	2
V	39787	2
V	39898	4
V	40011	5
V	40131	5
V	40244	2
V	40364	5
V	40478	2
V	40599	4
V	40712	1
V	40828	1
V	40944	2
V	41062	1
V	41175	5
V	41295	2
V	41411	2
V	41529	4
V	41649	5
V	41769	4
V	41881	5
V	41994	2
V	42114	1
V	42230	4
V	42349	5
V	42466	5
V	42583	5
V	42698	2
V	42809	4
V	42921	4
V	43035	5
V	43155	1
V	43267	4
V	43380	1
V	43492	4
V	43605	2
V	43715	4
V	43835	4
V	43949	5
V	44068	4
V	44183	5
V	44291	5
V	44407	5
V	44521	4
V	44641	5
V	44756	5
V	44877	1
V	44980	5
V	45098	4
V	45218	2
V	45332	4
V	45449	5
V	45569	5
V	45689	4
V	45809	5
V	45919	4
V	46032	5
V	46146	5
V	46258	2
V	46373	5
V	46487	4
V	46605	3
V	46725	3
V	46844	5
V	46958	5
V	47068	5
V	47186	4
V	47297	5
V	47417	4
V	47535	5
V	47648	5
V	47760	5
V	47874	5
V	47994	5
V	48112	2
V	48230	1
V	48342	1
V	48457	5
V	48575	4
V	48695	2
V	48809	1
V	48925	3
V	49045	5
V	49165	4
V	49285	5
V	49398	4
V	49511	5
V	49625	4
V	49736	2
V	49851	5
V	49965	4
V	50083	3
V	50203	4
V	50323	5
V	50436	5
V	50549	5
V	50667	4
V	50782	5
V	50902	4
V	51020	5
V	51133	5
V	51245	5
V	51359	5
V	51479	5
V	51597	4
V	51715	1
V	51827	1
V	51942	2
V	52062	1
V	52182	1
V	52292	2
V	52408	2
V	52519	4
V	52633	5
V	52753	4
V	52867	2
V	52985	5
V	53099	2
V	53220	4
V	53342	1
V	53458	1
V	53574	4
V	53694	1
V	53807	5
V	53927	2
V	54043	2
V	54161	4
V	54281	5
V	54401	5
V	54516	5
V	54629	2
V	54749	1
V	54865	5
V	54985	5
V	55102	5
V	55219	4
V	55335	2
V	55446	4
V	55558	4
V	55672	5
V	55792	1
V	55904	5
V	56019	1
V	56131	4
V	56244	2
V	56354	4
V	56474	4
V	56587	5
V	56706	5
V	56820	4
V	56934	5
V	57050	4
V	57164	5
V	57284	5
V	57399	5
V	57520	1
V	57623	5
V	57741	4
V	57861	2
V	57975	4
V	58096	3
V	58216	5
V	58336	4
V	58456	4
V	58571	4
V	58684	5
V	58798	4
V	58913	2
V	59028	5
V	59142	4
V	59260	3
V	59380	3
V	59500	4
V	59614	4
V	59729	5
V	59841	4
V	59958	5
V	60078	4
V	60196	5
V	60309	5
V	60421	5
V	60535	5
V	60655	5
V	60771	5
V	60892	1
V	61004	1
V	61119	2
V	61239	1
V	61359	1
V	61469	2
V	61585	2
V	61696	5
V	61810	5
V	61930	4
V	62043	2
V	62158	5
V	62272	2
V	62393	2
V	62513	1
V	62633	1
V	62743	2
V	62859	4
V	62973	1
V	63089	1
V	63205	2
V	63323	1
V	63436	5
V	63556	2
V	63672	2
V	63790	4
V	63910	5
V	64030	5
V	64144	5
V	64257	2
V	64377	1
V	64493	4
V	64612	5
V	64731	5
V	64848	5
V	64962	2
V	65073	4
V	65185	4
V	65299	5
V	65419	1
V	65531	4
V	65645	1
V	65757	4
V	65870	2
V	65980	4
V	66100	4
V	66214	5
V	66335	5
V	66449	4
V	66561	5
V	66677	5
V	66790	4
V	66910	5
V	67025	5
V	67146	1
V	67249	5
V	67367	4
V	67487	2
V	67601	4
V	67721	3
V	67841	5
V	67961	4
V	68081	4
V	68196	4
V	68309	5
V	68423	5
V	68537	2
V	68652	5
V	68766	4
V	68884	3
V	69004	3
V	69123	4
V	69238	4
V	69353	5
V	69469	4
V	69583	5
V	69703	4
V	69821	5
V	69934	5
V	70046	5
V	70160	5
V	70280	5
V	70400	5
V	70519	1
V	70631	1
V	70746	2
V	70857	4
V	70970	5
V	71090	4
V	71203	2
V	71323	1
V	71443	1
V	71553	2
V	71669	2
V	71780	4
V	71894	5
V	72014	4
V	72128	2
V	72243	5
V	72357	2
V	72478	5
V	72592	1
V	72708	1
V	72824	4
V	72944	1
V	73057	5
V	73177	2
V	73293	2
V	73411	4
V	73531	5
V	73651	4
V	73761	5
V	73874	2
V	73994	1
V	74113	5
V	74227	2
V	74348	4
V	74470	1
V	74586	5
V	74706	5
V	74822	5
V	74939	5
V	75057	2
V	75168	4
V	75280	4
V	75394	5
V	75514	1
V	75626	4
V	75741	1
V	75853	4
V	75964	2
V	76074	4
V	76194	4
V	76308	4
V	76428	4
V	76542	5
V	76655	5
V	76771	5
V	76884	5
V	77004	5
V	77119	5
V	77240	1
V	77343	5
V	77461	4
V	77581	2
V	77695	1
V	77812	3
V	77932	5
V	78052	4
V	78172	4
V	78286	4
V	78399	5
V	78513	5
V	78627	2
V	78742	5
V	78856	4
V	78974	3
V	79094	4
V	79214	5
V	79327	4
V	79441	5
V	79553	4
V	79670	5
V	79790	4
V	79908	5
V	80021	5
V	80133	5
V	80247	5
V	80367	5
V	80482	2
V	80603	1
V	80715	1
V	80830	2
V	80950	1
V	81064	1
V	81174	2
V	81290	2
V	81401	4
V	81513	5
V	81633	4
V	81746	1
V	81865	5
V	81979	2
V	82100	4
V	82220	1
V	82336	1
V	82452	2
V	82573	1
V	82686	5
V	82806	2
V	82922	2
V	83040	4
V	83160	5
V	83280	4
V	83393	5
V	83506	2
V	83626	1
V	83742	4
V	83861	5
V	83978	5
V	84095	5
V	84208	2
V	84319	4
V	84431	4
V	84545	5
V	84665	1
V	84777	4
V	84890	1
V	85002	4
V	85116	2
V	85226	4
V	85346	4
V	85457	5
V	85576	4
V	85690	5
V	85804	5
V	85920	4
V	86033	4
V	86153	5
V	86268	5
V	86389	1
V	86492	5
V	86610	4
V	86730	2
V	86844	4
V	86965	3
V	87085	5
V	87205	4
V	87325	4
V	87438	1
V	87554	1
V	87670	2
V	87791	1
V	87904	4
V	88017	5
V	88131	4
V	88245	2
V	88360	5
V	88474	4
V	88592	3
V	88712	3
V	88831	5
V	88948	4
V	89061	5
V	89177	4
V	89291	5
V	89411	4
V	89529	5
V	89642	5
V	89754	5
V	89868	5
V	89988	5
V	90106	2
V	90222	1
V	90334	1
V	90449	2
V	90569	1
V	90689	1
V	90799	2
V	90915	2
V	91026	4
V	91139	5
V	91259	4
V	91372	2
V	91483	5
V	91597	2
V	91718	4
V	91832	1
V	91948	1
V	92064	2
V	92185	1
V	92298	5
V	92418	2
V	92534	2
V	92652	4
V	92772	5
V	92892	5
V	93007	5
V	93120	2
V	93240	1
V	93356	5
V	93476	5
V	93593	5
V	93710	5
V	93822	2
V	93933	4
V	94045	4
V	94159	5
V	94279	1
V	94391	4
V	94504	1
V	94616	4
V	94732	2
V	94842	4
V	94962	4
V	95077	5
V	95196	5
V	95310	5
V	95425	5
V	95541	5
V	95655	5
V	95775	5
V	95890	5
V	96011	1
V	96114	5
V	96232	4
V	96352	2
V	96466	4
V	96587	3
V	96706	5
V	96826	4
V	96946	5
V	97064	4
V	97177	5
V	97297	2
V	97413	2
V	97531	4
V	97651	5
V	97765	4
V	97879	2
V	97994	5
V	98108	4
V	98226	3
V	98346	4
V	98466	5
V	98580	5
V	98695	5
V	98813	4
V	98928	5
V	99048	4
V	99166	5
V	99279	5
V	99391	5
V	99505	5
V	99625	5
V	99745	5
V	99864	1
V	99976	1
V	100091	2
V	100211	1
V	100331	1
V	100446	2
V	100562	2
V	100673	4
V	100786	5
V	100906	4
V	101021	1
V	101139	5
V	101253	2
V	101372	4
V	101486	1
V	101602	1
V	101718	2
V	101839	1
V	101952	5
V	102072	2
V	102188	2
V	102306	4
V	102426	5
V	102546	4
V	102661	5
V	102774	2
V	102894	1
V	103010	4
V	103129	5
V	103249	5
V	103366	4
V	103479	2
V	103590	4
V	103702	4
V	103816	5
V	103936	1
V	104048	5
V	104163	1
V	104275	4
V	104389	2
V	104499	4
V	104619	4
V	104733	5
V	104852	4
V	104966	4
V	105080	5
V	105200	4
V	105315	5
V	105428	2
V	105548	5
V	105664	4
V	105778	4
V	105898	5
V	106013	5
V	106134	1
V	106237	5
V	106355	4
V	106475	2
V	106589	4
V	106710	5
V	106830	5
V	106950	4
V	107070	5
V	107180	4
V	107293	5
V	107407	5
V	107525	2
V	107640	5
V	107754	4
V	107872	3
V	107992	3
V	108112	5
V	108225	5
V	108338	5
V	108456	5
V	108569	5
V	108689	4
V	108807	5
V	108920	5
V	109032	5
V	109146	5
V	109266	5
V	109386	2
V	109504	1
V	109616	1
V	109729	2
V	109849	1
V	109969	1
V	110083	2
V	110199	2
V	110310	4
V	110422	5
V	110542	5
V	110655	1
V	110772	5
V	110886	5
V	111006	4
V	111129	1
V	111245	1
V	111361	2
V	111482	1
V	111595	5
V	111715	2
V	111831	2
V	111949	4
V	112069	1
V	112185	5
V	112306	5
V	112426	5
V	112543	5
V	112663	4
V	112777	5
V	112890	2
V	113010	4
V	113123	2
V	113234	4
V	113346	4
V	113460	1
V	113576	5
V	113697	5
V	113817	5
V	113934	4
V	114048	2
V	114159	4
V	114271	4
V	114385	5
V	114505	1
V	114617	4
V	114732	1
V	114844	4
V	114957	2
V	115067	4
V	115187	4
V	115300	4
V	115420	4
V	115533	4
V	115641	5
V	115757	4
V	115870	5
V	115986	5
V	116101	5
V	116223	1
V	116327	5
V	116442	4
V	116563	2
V	116678	4
V	116800	3
V	116921	5
V	117042	4
V	117163	5
V	117278	4
V	117392	5
V	117507	5
V	117621	5
V	117742	1
V	117855	4
V	117972	1
V	118085	4
V	118199	2
V	118310	4
V	118431	4
V	118543	5
V	118663	4
V	118778	5
V	118887	5
V	119004	2
V	119120	5
V	119235	4
V	119354	3
V	119475	3
V	119596	4
V	119710	4
V	119826	5
V	119939	5
V	120054	5
V	120175	4
V	120294	5
V	120408	5
V	120521	5
V	120636	5
V	120757	5
V	120874	4
V	120995	1
V	121108	1
V	121222	2
V	121343	1
V	121464	1
V	121575	2
V	121692	2
V	121804	4
V	121918	5
V	122039	4
V	122153	1
V	122273	5
V	122388	2
V	122508	4
V	122632	1
V	122749	5
V	122863	5
V	122980	5
V	123096	5
V	123218	1
V	123322	3
V	123438	4
V	123559	2
V	123674	1
V	123791	2
V	123913	1
V	124027	5
V	124148	2
V	124265	2
V	124384	4
V	124505	5
V	124626	5
V	124742	5
V	124856	2
V	124977	1
V	125094	5
V	125216	5
V	125337	5
V	125455	5
V	125570	4
V	125692	3
V	125812	5
V	125933	4
V	126054	4
V	126172	4
V	126286	5
V	126401	5
V	126517	2
V	126633	5
V	126748	4
V	126867	3
V	126988	3
V	127109	4
V	127223	4
V	127338	5
V	127455	5
V	127568	5
V	127689	4
V	127808	5
V	127922	5
V	128035	5
V	128150	5
V	128271	5
V	128387	2
V	128509	1
V	128622	1
V	128738	2
V	128859	1
V	128980	1
V	129091	2
V	129208	2
V	129320	4
V	129434	5
V	129555	4
V	129673	2
V	129794	5
V	129909	5
V	130030	4
V	130144	1
V	130261	1
V	130378	2
V	130497	1
V	130611	5
V	130732	2
V	130849	2
V	130968	4
V	131089	5
V	131210	4
V	131326	5
V	131440	2
V	131561	1
V	131678	5
V	131800	5
V	131918	5
V	132036	4
V	132152	2
V	132264	4
V	132377	4
V	132492	5
V	132613	1
V	132726	4
V	132841	1
V	132954	4
V	133069	2
V	133180	4
V	133301	4
V	133417	5
V	133537	4
V	133653	4
V	133764	5
V	133881	4
V	133995	5
V	134112	5
V	134228	5
V	134350	1
V	134454	5
V	134573	4
V	134694	2
V	134809	4
V	134927	5
V	135048	5
V	135169	4
V	135290	5
V	135401	4
V	135515	5
V	135630	4
V	135743	2
V	135859	5
V	135974	4
V	136093	3
V	136214	3
V	136334	4
V	136448	5
V	136559	5
V	136678	4
V	136793	5
V	136914	4
V	137033	5
V	137147	5
V	137260	5
V	137375	5
V	137496	5
V	137615	2
V	137734	1
V	137847	1
V	137963	2
V	138084	1
V	138205	1
V	138316	2
V	138433	2
V	138545	4
V	138658	5
V	138779	4
V	138894	2
V	139013	5
V	139128	2
V	139250	4
V	139373	1
V	139490	1
V	139607	4
V	139728	1
V	139842	5
V	139963	2
V	140080	2
V	140199	4
V	140320	5
V	140441	4
V	140556	5
V	140670	2
V	140791	1
V	140908	5
V	141029	5
V	141147	5
V	141265	4
V	141382	2
V	141494	4
V	141607	4
V	141722	5
V	141843	1
V	141956	4
V	142071	1
V	142184	4
V	142298	2
V	142409	4
V	142530	4
V	142644	5
V	142764	4
V	142878	4
V	142987	5
V	143104	4
V	143218	5
V	143339	5
V	143455	5
V	143577	1
V	143681	5
V	143800	4
V	143921	2
V	144036	1
V	144153	3
V	144274	5
V	144395	4
V	144516	5
V	144632	4
V	144746	5
V	144861	4
V	144975	2
V	145091	5
V	145206	4
V	145325	3
V	145446	4
V	145567	4
V	145681	5
V	145797	5
V	145910	4
V	146029	5
V	146150	4
V	146269	5
V	146383	5
V	146496	5
V	146611	5
V	146732	5
V	146848	4
V	146970	1
V	147083	1
V	147199	2
V	147320	1
V	147441	1
V	147552	2
V	147669	2
V	147781	4
V	147896	5
V	148017	4
V	148131	2
V	148247	5
V	148362	2
V	148484	4
V	148598	1
V	148715	1
V	148832	2
V	148954	1
V	149068	5
V	149189	2
V	149306	2
V	149425	4
V	149546	5
V	149667	5
V	149782	5
V	149896	2
V	150017	1
V	150134	4
V	150254	5
V	150372	5
V	150490	5
V	150604	2
V	150716	4
V	150829	4
V	150944	5
V	151065	1
V	151178	4
V	151292	1
V	151405	4
V	151520	2
V	151631	4
V	151752	4
V	151869	5
V	151989	5
V	152102	5
V	152216	5
V	152333	5
V	152448	4
V	152569	5
V	152685	5
V	152807	1
V	152911	5
V	153030	4
V	153151	2
V	153266	4
V	153388	3
V	153509	5
V	153630	4
V	153751	5
V	153865	4
V	153979	5
V	154094	5
V	154213	2
V	154329	5
V	154444	4
V	154563	3
V	154684	3
V	154805	5
V	154920	5
V	155034	5
V	155151	4
V	155265	5
V	155386	4
V	155505	5
V	155619	5
V	155732	5
V	155847	5
V	155968	5
V	156087	4
V	156206	1
V	156319	1
V	156433	2
V	156554	1
V	156675	1
V	156786	2
V	156903	2
V	157015	4
V	157129	5
V	157250	4
V	157364	2
V	157475	5
V	157590	2
V	157712	4
V	157836	1
V	157953	1
V	158070	2
V	158192	1
V	158306	5
V	158427	2
V	158544	2
V	158663	4
V	158784	5
V	158905	4
V	159021	5
V	159135	2
V	159256	1
V	159373	5
V	159495	5
V	159613	5
V	159731	5
V	159846	2
V	159958	4
V	160071	4
V	160186	5
V	160307	1
V	160420	5
V	160536	1
V	160649	4
V	160764	2
V	160875	4
V	160996	4
V	161111	5
V	161231	4
V	161347	5
V	161462	5
V	161579	4
V	161693	5
V	161810	5
V	161926	5
V	162048	1
V	162152	5
V	162267	4
V	162388	2
V	162503	4
V	162625	3
V	162746	5
V	162867	4
V	162988	4
V	163104	4
V	163218	5
V	163333	5
V	163447	2
V	163563	5
V	163678	4
V	163797	3
V	163918	3
V	164039	4
V	164154	4
V	164270	5
V	164383	4
V	164498	5
V	164619	4
V	164738	5
V	164852	5
V	164965	5
V	165080	5
V	165201	5
V	165320	5
V	165440	1
V	165553	1
V	165667	2
V	165788	1
V	165909	1
V	166020	2
V	166137	2
V	166249	5
V	166364	5
V	166485	4
V	166600	2
V	166718	5
V	166833	2
V	166953	4
V	167077	1
V	167194	1
V	167311	2
V	167433	1
V	167547	5
V	167668	2
V	167785	2
V	167904	4
V	168025	5
V	168146	4
V	168261	5
V	168375	2
V	168496	1
V	168613	5
V	168735	5
V	168853	5
V	168971	5
V	169086	2
V	169198	4
V	169311	4
V	169426	5
V	169547	1
V	169660	4
V	169776	1
V	169889	4
V	170003	2
V	170114	4
V	170235	4
V	170349	5
V	170469	4
V	170582	5
V	170698	5
V	170815	4
V	170929	5
V	171046	5
V	171162	5
V	171284	1
V	171388	3
V	171504	4
V	171625	2
V	171740	4
V	171862	3
V	171983	5
V	172104	4
V	172225	4
V	172340	4
V	172454	5
V	172569	5
V	172684	2
V	172800	5
V	172915	4
V	173034	3
V	173155	3
V	173276	4
V	173391	4
V	173506	5
V	173623	4
V	173734	5
V	173855	4
V	173969	5
V	174083	5
V	174196	5
V	174311	5
V	174432	5
V	174549	2
V	174671	1
V	174784	1
V	174898	2
V	175019	1
V	175140	1
V	175251	2
V	175368	2
V	175480	4
V	175594	5
V	175715	4
V	175829	1
V	175949	5
V	176064	5
V	176185	4
V	176300	1
V	176417	1
V	176534	2
V	176656	1
V	176770	5
V	176891	2
V	177008	2
V	177127	4
V	177248	5
V	177369	5
V	177480	5
V	177594	2
V	177715	1
V	177832	5
V	177954	5
V	178072	5
V	178190	4
V	178306	2
V	178418	4
V	178531	4
V	178646	5
V	178767	1
V	178880	4
V	178994	1
V	179107	4
V	179223	2
V	179334	4
V	179455	4
V	179570	4
V	179691	5
V	179805	4
V	179921	5
V	180038	5
V	180152	5
V	180269	5
V	180385	5
V	180507	1
V	180611	5
V	180726	4
V	180847	2
V	180962	4
V	181084	3
V	181205	5
V	181326	4
V	181447	4
V	181561	4
V	181675	5
V	181790	5
V	181905	2
V	182021	5
V	182136	4
V	182255	3
V	182376	3
V	182497	4
V	182612	4
V	182726	5
V	182845	4
V	182961	5
V	183082	3
V	183199	5
V	183313	5
V	183426	5
V	183541	5
V	183662	5
V	183783	2
V	183904	1
V	184017	1
V	184131	2
V	184252	1
V	184367	1
V	184483	2
V	184600	2
V	184712	4
V	184826	5
V	184947	4
V	185061	1
V	185181	5
V	185296	2
V	185416	4
V	185531	1
V	185648	1
V	185765	2
V	185887	1
V	186001	5
V	186122	2
V	186239	2
V	186358	4
V	186479	5
V	186600	5
V	186716	5
V	186830	2
V	186951	1
V	187068	5
V	187190	5
V	187311	5
V	187429	4
V	187543	2
V	187655	4
V	187768	4
V	187883	5
V	188004	1
V	188117	5
V	188232	1
V	188345	4
V	188461	2
V	188572	4
V	188693	4
V	188807	5
V	188927	5
V	189042	5
V	189155	5
V	189272	4
V	189386	5
V	189503	5
V	189619	5
V	189741	1
V	189845	3
V	189961	4
V	190082	2
V	190197	4
V	190318	3
V	190439	5
V	190560	4
V	190681	5
V	190797	4
V	190911	5
V	191026	4
V	191142	2
V	191258	5
V	191373	4
V	191492	3
V	191613	3
V	191734	4
V	191848	5
V	191964	5
V	192083	5
V	192198	5
V	192319	4
V	192433	5
V	192547	5
V	192660	5
V	192775	5
V	192896	5
V	193017	4
V	193138	1
V	193251	1
V	193367	2
V	193488	1
V	193609	1
V	193724	2
V	193841	2
V	193953	4
V	194068	5
V	194189	4
V	194304	2
V	194420	5
V	194535	5
V	194656	4
V	194770	1
V	194887	1
V	195004	2
V	195126	1
V	195240	5
V	195361	2
V	195478	2
V	195597	4
V	195718	5
V	195839	5
V	195953	5
V	196067	2
V	196188	1
V	196305	5
V	196427	5
V	196548	5
V	196666	4
V	196781	2
V	196893	4
V	197006	4
V	197121	5
V	197242	1
V	197355	4
V	197469	1
V	197582	4
V	197696	2
V	197807	4
V	197928	4
V	198040	4
V	198161	5
V	198276	5
V	198386	5
V	198503	5
V	198620	5
V	198737	5
V	198853	5
V	198975	1
V	199079	5
V	199198	4
V	199319	2
V	199434	1
V	199552	3
V	199672	5
V	199793	4
V	199914	5
V	200029	4
V	200143	5
V	200258	4
V	200372	2
V	200488	5
V	200603	4
V	200722	3
V	200843	3
V	200964	5
V	201079	5
V	201194	5
V	201313	5
V	201429	5
V	201550	3
V	201667	5
V	201781	5
V	201894	5
V	202009	5
V	202130	5
V	202251	2
V	202374	1
V	202487	1
V	202603	2
V	202724	1
V	202839	1
V	202955	2
V	203072	2
V	203184	4
V	203298	5
V	203419	4
V	203533	2
V	203654	5
V	203769	2
V	203891	2
V	204013	1
V	204130	1
V	204247	2
V	204366	1
V	204480	5
V	204601	2
V	204718	2
V	204837	4
V	204958	5
V	205079	4
V	205195	5
V	205309	2
V	205430	1
V	205547	5
V	205669	5
V	205789	5
V	205907	5
V	206022	2
V	206134	4
V	206247	4
V	206362	5
V	206483	1
V	206596	4
V	206711	1
V	206824	4
V	206939	2
V	207050	4
V	207171	4
V	207287	5
V	207409	4
V	207525	5
V	207640	5
V	207757	5
V	207871	5
V	207988	5
V	208104	5
V	208226	1
V	208330	5
V	208449	4
V	208570	2
V	208685	4
V	208806	5
V	208927	5
V	209048	4
V	209169	4
V	209284	4
V	209398	5
V	209513	4
V	209628	2
V	209744	5
V	209859	4
V	209978	3
V	210099	3
V	210219	4
V	210335	4
V	210450	5
V	210569	4
V	210685	5
V	210806	4
V	210925	5
V	211039	5
V	211152	5
V	211267	5
V	211388	5
V	211505	2
V	211627	1
V	211740	1
V	211856	2
V	211977	1
V	212098	1
V	212213	2
V	212330	2
V	212442	4
V	212556	5
V	212677	5
V	212793	1
V	212912	5
V	213027	2
V	213149	4
V	213264	1
V	213381	1
V	213498	4
V	213619	1
V	213733	5
V	213854	2
V	213971	2
V	214090	4
V	214211	5
V	214332	4
V	214446	5
V	214560	2
V	214681	1
V	214798	5
V	214919	5
V	215036	5
V	215154	5
V	215267	2
V	215379	4
V	215492	4
V	215607	5
V	215728	1
V	215841	4
V	215955	1
V	216068	4
V	216185	2
V	216296	4
V	216417	4
V	216533	4
V	216654	4
V	216768	4
V	216883	5
V	217000	5
V	217115	5
V	217236	5
V	217352	5
V	217474	1
V	217578	5
V	217697	4
V	217818	2
V	217933	1
V	218051	3
V	218171	5
V	218292	4
V	218413	4
V	218526	4
V	218640	5
V	218755	5
V	218870	2
V	218986	5
V	219101	4
V	219220	3
V	219341	4
V	219462	5
V	219576	4
V	219689	5
V	219808	4
V	219923	5
V	220044	4
V	220163	5
V	220277	5
V	220390	5
V	220505	5
V	220626	5
V	220742	2
V	220867	1
V	220980	1
V	221096	2
V	221217	1
V	221338	1
V	221449	2
V	221566	2
V	221678	4
V	221792	5
V	221913	4
V	222030	2
V	222151	5
V	222266	2
V	222388	4
V	222510	1
V	222627	1
V	222744	2
V	222863	1
V	222977	5
V	223098	2
V	223215	2
V	223334	4
V	223455	5
V	223576	5
V	223692	5
V	223806	2
V	223927	1
V	224044	4
V	224164	5
V	224282	5
V	224400	4
V	224515	2
V	224627	4
V	224740	4
V	224855	5
V	224976	1
V	225089	4
V	225203	1
V	225316	4
V	225430	2
V	225541	4
V	225662	4
V	225776	5
V	225896	4
V	226011	5
V	226120	5
V	226237	5
V	226352	4
V	226473	5
V	226589	5
V	226711	1
V	226815	5
V	226934	4
V	227055	2
V	227170	4
V	227288	5
V	227409	5
V	227530	4
V	227651	5
V	227762	4
V	227876	5
V	227991	5
V	228104	2
V	228220	5
V	228335	4
V	228454	3
V	228575	3
V	228695	5
V	228810	5
V	228921	5
V	229040	4
V	229155	5
V	229276	4
V	229395	5
V	229509	5
V	229622	5
V	229737	5
V	229858	5
V	229977	2
V	230096	1
V	230209	1
V	230325	2
V	230446	1
V	230567	1
V	230678	2
V	230795	2
V	230907	4
V	231022	5
V	231143	4
V	231258	2
V	231377	5
V	231492	2
V	231614	5
V	231734	1
V	231851	1
V	231968	4
V	232089	1
V	232203	5
V	232324	2
V	232441	2
V	232560	4
V	232681	5
V	232802	5
V	232917	5
V	233031	2
V	233152	1
V	233269	5
V	233390	5
V	233508	5
V	233626	4
V	233740	2
V	233852	4
V	233965	4
V	234080	5
V	234201	1
V	234314	5
V	234430	1
V	234543	4
V	234657	2
V	234768	4
V	234889	4
V	235005	5
V	235125	5
V	235240	4
V	235355	5
V	235472	4
V	235587	5
V	235708	5
V	235824	5
V	235946	1
V	236050	5
V	236169	4
V	236290	2
V	236405	1
V	236522	3
V	236643	5
V	236764	4
V	236885	5
V	237001	4
V	237115	5
V	237230	4
V	237345	2
V	237461	5
V	237576	4
V	237695	3
V	237816	4
V	237937	5
V	238052	5
V	238168	5
V	238281	4
V	238400	5
V	238521	4
V	238640	5
V	238754	5
V	238867	5
V	238982	5
V	239103	5
V	239219	4
V	239341	1
V	239454	1
V	239570	2
V	239691	1
V	239812	1
V	239923	2
V	240040	2
V	240152	5
V	240267	5
V	240388	4
V	240502	2
V	240618	5
V	240733	2
V	240855	4
V	240969	1
V	241086	1
V	241203	2
V	241325	1
V	241439	5
V	241560	2
V	241677	2
V	241796	4
V	241917	5
V	242038	4
V	242153	5
V	242267	2
V	242388	1
V	242505	4
V	242625	5
V	242743	5
V	242861	5
V	242975	2
V	243087	4
V	243200	4
V	243315	5
V	243436	1
V	243549	4
V	243664	1
V	243777	4
V	243892	2
V	244003	4
V	244124	5
V	244239	5
V	244359	5
V	244472	4
V	244585	5
V	244702	5
V	244817	4
V	244938	5
V	245054	5
V	245176	1
V	245280	5
V	245399	4
V	245520	2
V	245635	4
V	245757	3
V	245878	5
V	245999	4
V	246120	5
V	246234	4
V	246348	5
V	246463	4
V	246577	2
V	246693	5
V	246808	4
V	246927	3
V	247048	3
V	247169	4
V	247284	5
V	247398	5
V	247515	4
V	247629	5
V	247750	4
V	247869	5
V	247983	5
V	248096	5
V	248211	5
V	248332	5
V	248451	4
V	248570	1
V	248683	1
V	248797	2
V	248918	1
V	249039	1
V	249150	2
V	249267	2
V	249379	4
V	249493	5
V	249614	4
V	249728	2
V	249839	5
V	249954	2
V	250076	4
V	250200	1
V	250317	1
V	250434	2
V	250556	1
V	250670	5
V	250791	2
V	250908	2
V	251027	4
V	251148	5
V	251269	5
V	251385	5
V	251499	2
V	251620	1
V	251737	5
V	251859	5
V	251977	5
V	252095	5
V	252210	2
V	252322	4
V	252435	4
V	252550	5
V	252671	1
V	252784	4
V	252900	1
V	253013	4
V	253128	2
V	253239	4
V	253360	4
V	253475	5
V	253595	4
V	253710	5
V	253822	5
V	253939	4
V	254053	5
V	254170	5
V	254286	5
V	254408	1
V	254512	5
V	254627	4
V	254748	2
V	254863	4
V	254985	3
V	255106	5
V	255227	4
V	255348	4
V	255464	4
V	255578	5
V	255693	5
V	255807	2
V	255923	5
V	256038	4
V	256157	3
V	256278	3
V	256399	4
V	256513	4
V	256629	5
V	256742	4
V	256857	5
V	256978	4
V	257097	5
V	257211	5
V	257324	5
V	257439	5
V	257560	5
V	257679	5
V	257799	1
V	257912	1
V	258026	2
V	258147	1
V	258268	1
V	258379	2
V	258496	2
V	258608	4
V	258723	5
V	258844	4
V	258959	2
V	259077	5
V	259192	2
V	259312	4
V	259436	1
V	259553	1
V	259670	2
V	259792	1
V	259906	5
V	260027	2
V	260144	2
V	260263	4
V	260384	5
V	260505	4
V	260623	5
V	260737	2
V	260858	1
V	260975	5
V	261097	5
V	261215	5
V	261333	5
V	261448	2
V	261560	4
V	261673	4
V	261788	5
V	261909	1
V	262022	4
V	262138	1
V	262251	5
V	262365	2
V	262476	4
V	262597	4
V	262711	5
V	262831	4
V	262945	4
V	263054	5
V	263171	4
V	263285	5
V	263402	5
V	263518	5
V	263640	1
V	263744	3
V	263860	4
V	263981	2
V	264096	4
V	264218	3
V	264339	5
V	264460	4
V	264581	4
V	264696	4
V	264810	5
V	264925	5
V	265040	2
V	265156	5
V	265271	4
V	265390	3
V	265511	3
V	265632	4
V	265748	4
V	265863	5
V	265980	4
V	266091	5
V	266212	4
V	266326	5
V	266440	5
V	266553	5
V	266668	5
V	266789	5
V	266906	2
V	267028	1
V	267141	1
V	267255	2
V	267376	1
V	267497	1
V	267608	2
V	267725	2
V	267837	4
V	267950	5
V	268071	4
V	268185	1
V	268305	5
V	268420	5
V	268541	4
V	268656	1
V	268773	1
V	268890	2
V	269012	1
V	269126	5
V	269247	2
V	269364	2
V	269483	4
V	269604	5
V	269725	5
V	269836	5
V	269950	2
V	270071	1
V	270188	5
V	270310	5
V	270428	5
V	270546	4
V	270662	2
V	270774	4
V	270887	4
V	271002	5
V	271123	1
V	271236	4
V	271351	1
V	271464	4
V	271579	2
V	271690	4
V	271811	4
V	271926	4
V	272047	5
V	272161	5
V	272274	5
V	272391	5
V	272505	5
V	272622	5
V	272738	5
V	272860	1
V	272964	5
V	273079	4
V	273200	2
V	273315	4
V	273437	3
V	273558	5
V	273679	4
V	273800	4
V	273914	4
V	274028	5
V	274143	5
V	274258	2
V	274374	5
V	274489	4
V	274608	3
V	274729	3
V	274850	5
V	274965	4
V	275079	5
V	275198	4
V	275314	5
V	275435	3
V	275552	5
V	275666	5
V	275779	5
V	275894	5
V	276015	5
V	276136	2
V	276257	1
V	276370	1
V	276484	2
V	276605	1
V	276720	1
V	276836	2
V	276953	2
V	277065	4
V	277179	5
V	277300	4
V	277414	1
V	277534	5
V	277649	2
V	277769	4
V	277884	1
V	278001	1
V	278118	2
V	278240	1
V	278354	5
V	278475	2
V	278592	2
V	278711	4
V	278832	5
V	278953	5
V	279069	5
V	279183	2
V	279304	1
V	279421	5
V	279543	5
V	279664	5
V	279782	4
V	279896	2
V	280008	4
V	280121	4
V	280236	5
V	280357	1
V	280470	4
V	280585	1
V	280698	4
V	280812	2
V	280923	4
V	281044	4
V	281158	5
V	281278	5
V	281393	5
V	281506	5
V	281623	4
V	281737	5
V	281854	5
V	281970	5
V	282092	1
V	282196	3
V	282312	4
V	282433	2
V	282548	4
V	282669	3
V	282790	5
V	282911	4
V	283032	5
V	283148	4
V	283262	5
V	283377	4
V	283493	2
V	283609	5
V	283724	4
V	283843	3
V	283964	3
V	284085	5
V	284199	5
V	284315	5
V	284434	5
V	284549	5
V	284670	4
V	284784	5
V	284898	5
V	285011	5
V	285126	5
V	285247	5
V	285368	4
V	285489	1
V	285602	1
V	285718	2
V	285839	1
V	285960	1
V	286075	2
V	286192	2
V	286304	4
V	286418	5
V	286539	4
V	286654	2
V	286770	5
V	286885	5
V	287006	4
V	287120	1
V	287237	1
V	287354	2
V	287476	1
V	287590	5
V	287711	2
V	287828	2
V	287947	4
V	288068	5
V	288189	5
V	288303	5
V	288417	2
V	288538	1
V	288655	5
V	288777	5
V	288898	5
V	289016	4
V	289131	2
V	289243	4
V	289356	4
V	289471	5
V	289592	1
V	289705	4
V	289824	1
V	289937	4
V	290051	2
V	290162	4
V	290283	4
V	290395	4
V	290516	5
V	290631	5
V	290741	5
V	290858	5
V	290975	5
V	291092	5
V	291208	5
V	291330	1
V	291434	5
V	291553	4
V	291674	2
V	291789	1
V	291907	3
V	292027	5
V	292148	4
V	292269	5
V	292384	4
V	292498	5
V	292613	4
V	292727	2
V	292843	5
V	292958	4
V	293077	3
V	293198	3
V	293319	4
V	293433	5
V	293548	5
V	293667	5
V	293783	5
V	293904	3
V	294021	5
V	294135	5
V	294248	5
V	294363	5
V	294484	5
V	294605	2
V	294728	1
V	294841	1
V	294957	2
V	295078	1
V	295193	1
V	295309	2
V	295426	2
V	295538	4
V	295655	5
V	295776	4
V	295890	2
V	296011	5
V	296126	2
V	296248	2
V	296370	1
V	296487	1
V	296604	2
V	296723	1
V	296837	5
V	296958	2
V	297075	2
V	297194	4
V	297315	5
V	297436	4
V	297552	5
V	297666	2
V	297787	1
V	297904	5
V	298026	5
V	298146	5
V	298264	5
V	298379	2
V	298491	4
V	298604	4
V	298719	5
V	298840	1
V	298953	4
V	299068	1
V	299181	4
V	299296	2
V	299407	4
V	299528	4
V	299644	5
V	299766	4
V	299882	5
V	299997	5
V	300114	5
V	300228	5
V	300345	5
V	300461	5
V	300583	1
V	300687	5
V	300806	4
V	300927	2
V	301042	4
V	301163	5
V	301284	5
V	301405	4
V	301526	4
V	301641	4
V	301755	5
V	301870	4
V	301985	2
V	302101	5
V	302216	4
V	302335	3
V	302456	3
V	302576	4
V	302690	4
V	302805	5
V	302924	4
V	303040	5
V	303161	4
V	303280	5
V	303394	5
V	303507	5
V	303622	5
V	303743	5
V	303860	2
V	303982	1
V	304095	1
V	304211	2
V	304332	1
V	304453	1
V	304568	2
V	304685	2
V	304797	4
V	304911	5
V	305032	5
V	305148	1
V	305267	5
V	305382	2
V	305504	4
V	305619	1
V	305736	1
V	305853	4
V	305974	1
V	306088	5
V	306209	2
V	306326	2
V	306445	4
V	306566	5
V	306687	4
V	306801	5
V	306915	2
V	307036	1
V	307153	5
V	307274	5
V	307391	5
V	307509	5
V	307622	2
V	307734	4
V	307847	4
V	307962	5
V	308083	1
V	308196	4
V	308310	1
V	308423	4
V	308540	2
V	308651	4
V	308772	4
V	308888	4
V	309009	4
V	309123	4
V	309238	5
V	309355	5
V	309470	5
V	309591	5
V	309707	5
V	309829	1
V	309933	5
V	310052	4
V	310173	2
V	310288	1
V	310406	3
V	310526	5
V	310647	4
V	310768	4
V	310881	4
V	310995	5
V	311110	5
V	311225	2
V	311341	5
V	311456	4
V	311575	3
V	311696	4
V	311817	5
V	311931	4
V	312044	5
V	312163	4
V	312278	5
V	312399	4
V	312518	5
V	312632	5
V	312745	5
V	312860	5
V	312981	5
V	313097	2
V	313222	1
V	313335	1
V	313451	2
V	313572	1
V	313693	1
V	313804	2
V	313921	2
V	314033	4
V	314147	5
V	314268	4
V	314385	2
V	314506	5
V	314621	2
V	314743	4
V	314865	1
V	314982	1
V	315099	2
V	315218	1
V	315332	5
V	315453	2
V	315570	2
V	315689	4
V	315810	5
V	315931	5
V	316047	5
V	316161	2
V	316282	1
V	316399	4
V	316519	5
V	316637	5
V	316755	4
V	316870	2
V	316982	4
V	317095	4
V	317210	5
V	317331	1
V	317444	4
V	317558	1
V	317671	4
V	317785	2
V	317896	4
V	318017	4
V	318131	5
V	318251	4
V	318366	5
V	318475	5
V	318592	5
V	318707	4
V	318828	5
V	318944	5
V	319066	1
V	319170	5
V	319289	4
V	319410	2
V	319525	4
V	319643	5
V	319764	5
V	319885	4
V	320006	5
V	320117	4
V	320231	5
V	320346	5
V	320459	2
V	320575	5
V	320690	4
V	320809	3
V	320930	3
V	321050	5
V	321165	5
V	321276	5
V	321395	4
V	321510	5
V	321631	4
V	321750	5
V	321864	5
V	321977	5
V	322092	5
V	322213	5
V	322332	2
V	322451	1
V	322564	1
V	322680	2
V	322801	1
V	322922	1
V	323033	2
V	323150	2
V	323262	4
V	323377	5
V	323498	4
V	323613	2
V	323732	5
V	323847	2
V	323969	5
V	324089	1
V	324206	1
V	324323	4
V	324444	1
V	324558	5
V	324679	2
V	324796	2
V	324915	4
V	325036	5
V	325157	5
V	325272	5
V	325386	2
V	325507	1
V	325624	5
V	325745	5
V	325863	5
V	325981	4
V	326095	2
V	326207	4
V	326320	4
V	326435	5
V	326556	1
V	326669	5
V	326785	1
V	326898	4
V	327012	2
V	327123	4
V	327244	4
V	327360	5
V	327480	5
V	327595	4
V	327710	5
V	327827	4
V	327942	5
V	328063	5
V	328179	5
V	328301	1
V	328405	5
V	328524	4
V	328645	2
V	328760	1
V	328877	3
V	328998	5
V	329119	4
V	329240	5
V	329356	4
V	329470	5
V	329585	4
V	329700	2
V	329816	5
V	329931	4
V	330050	3
V	330171	4
V	330292	5
V	330407	5
V	330523	5
V	330636	4
V	330755	5
V	330876	4
V	330995	5
V	331109	5
V	331222	5
V	331337	5
V	331458	5
V	331574	4
V	331696	1
V	331809	1
V	331925	2
V	332046	1
V	332167	1
V	332278	2
V	332395	2
V	332507	5
V	332622	5
V	332743	4
V	332857	2
V	332973	5
V	333088	2
V	333210	4
V	333324	1
V	333441	1
V	333558	2
V	333680	1
V	333794	5
V	333915	2
V	334032	2
V	334151	4
V	334272	5
V	334393	4
V	334508	5
V	334622	2
V	334743	1
V	334860	4
V	334980	5
V	335098	5
V	335216	5
V	335330	2
V	335442	4
V	335555	4
V	335670	5
V	335791	1
V	335904	4
V	336019	1
V	336132	4
V	336247	2
V	336358	4
V	336479	5
V	336594	5
V	336714	5
V	336827	4
V	336940	5
V	337057	5
V	337172	4
V	337293	5
V	337409	5
V	337531	1
V	337635	5
V	337754	4
V	337875	2
V	337990	4
V	338112	3
V	338233	5
V	338354	4
V	338475	5
V	338589	4
V	338703	5
V	338818	4
V	338932	2
V	339048	5
V	339163	4
V	339282	3
V	339403	3
V	339524	4
V	339639	5
V	339753	5
V	339870	4
V	339984	5
V	340105	4
V	340224	5
V	340338	5
V	340451	5
V	340566	5
V	340687	5
V	340806	4
V	340925	1
V	341038	1
V	341152	2
V	341273	1
V	341394	1
V	341505	2
V	341622	2
V	341734	4
V	341848	5
V	341969	4
V	342083	2
V	342194	5
V	342309	2
V	342431	4
V	342555	1
V	342672	1
V	342789	2
V	342911	1
V	343025	5
V	343146	2
V	343263	2
V	343382	4
V	343503	5
V	343624	5
V	343740	5
V	343854	2
V	343975	1
V	344092	5
V	344214	5
V	344332	5
V	344450	5
V	344565	2
V	344677	4
V	344790	4
V	344905	5
V	345026	1
V	345139	4
V	345255	1
V	345368	4
V	345483	2
V	345594	4
V	345715	4
V	345830	5
V	345950	4
V	346065	5
V	346177	5
V	346294	4
V	346408	5
V	346525	5
V	346641	5
V	346763	1
V	346867	5
V	346982	4
V	347103	2
V	347218	4
V	347340	3
V	347461	5
V	347582	4
V	347703	4
V	347819	4
V	347933	5
V	348048	5
V	348162	2
V	348278	5
V	348393	4
V	348512	3
V	348633	3
V	348754	4
V	348868	4
V	348984	5
V	349097	4
V	349212	5
V	349333	4
V	349452	5
V	349566	5
V	349679	5
V	349794	5
V	349915	5
V	350034	5
V	350154	1
V	350267	1
V	350381	2
V	350502	1
V	350623	1
V	350734	2
V	350851	2
V	350963	4
V	351078	5
V	351199	4
V	351314	2
V	351432	5
V	351547	2
V	351667	4
V	351791	1
V	351908	1
V	352025	2
V	352147	1
V	352261	5
V	352382	2
V	352499	2
V	352618	4
V	352739	5
V	352860	4
V	352978	5
V	353092	2
V	353213	1
V	353330	5
V	353452	5
V	353570	5
V	353688	5
V	353803	2
V	353915	4
V	354028	4
V	354143	5
V	354264	1
V	354377	4
V	354493	1
V	354606	5
V	354720	2
V	354831	4
V	354952	4
V	355066	5
V	355186	4
V	355300	4
V	355409	5
V	355526	4
V	355640	5
V	355757	5
V	355873	5
V	355995	1
V	356099	3
V	356215	4
V	356336	2
V	356451	4
V	356573	3
V	356694	5
V	356815	4
V	356936	4
V	357051	4
V	357165	5
V	357280	5
V	357395	2
V	357511	5
V	357626	4
V	357745	3
V	357866	3
V	357987	4
V	358103	4
V	358218	5
V	358335	4
V	358446	5
V	358567	4
V	358681	5
V	358795	5
V	358908	5
V	359023	5
V	359144	5
V	359261	2
V	359383	1
V	359496	1
V	359610	2
V	359731	1
V	359852	1
V	359963	2
V	360080	2
V	360192	4
V	360305	5
V	360426	4
V	360540	1
V	360660	5
V	360775	5
V	360896	4
V	361011	1
V	361128	1
V	361245	2
V	361367	1
V	361481	5
V	361602	2
V	361719	2
V	361838	4
V	361959	5
V	362080	5
V	362191	5
V	362305	2
V	362426	1
V	362543	5
V	362665	5
V	362783	5
V	362901	4
V	363017	2
V	363129	4
V	363242	4
V	363357	5
V	363478	1
V	363591	4
V	363706	1
V	363819	4
V	363934	2
V	364045	4
V	364166	4
V	364281	4
V	364402	5
V	364516	5
V	364629	5
V	364746	5
V	364860	5
V	364977	5
V	365093	5
V	365215	1
V	365319	5
V	365434	4
V	365555	2
V	365670	4
V	365792	3
V	365913	5
V	366034	4
V	366155	4
V	366269	4
V	366383	5
V	366498	5
V	366613	2
V	366729	5
V	366844	4
V	366963	3
V	367084	3
V	367205	5
V	367320	4
V	367434	5
V	367553	4
V	367669	5
V	367790	3
V	367907	5
V	368021	5
V	368134	5
V	368249	5
V	368370	5
V	368491	2
V	368612	1
V	368725	1
V	368839	2
V	368960	1
V	369075	1
V	369191	2
V	369308	2
V	369420	4
V	369534	5
V	369655	4
V	369769	1
V	369889	5
V	370004	2
V	370124	4
V	370239	1
V	370356	1
V	370473	2
V	370595	1
V	370709	5
V	370830	2
V	370947	2
V	371066	4
V	371187	5
V	371308	5
V	371424	5
V	371538	2
V	371659	1
V	371776	5
V	371898	5
V	372019	5
V	372137	4
V	372251	2
V	372363	4
V	372476	4
V	372591	5
V	372712	1
V	372825	4
V	372940	1
V	373053	4
V	373167	2
V	373278	4
V	373399	4
V	373513	5
V	373633	5
V	373748	5
V	373861	5
V	373978	4
V	374092	5
V	374209	5
V	374325	5
V	374447	1
V	374551	3
V	374667	4
V	374788	2
V	374903	4
V	375024	3
V	375145	5
V	375266	4
V	375387	5
V	375503	4
V	375617	5
V	375732	4
V	375848	2
V	375964	5
V	376079	4
V	376198	3
V	376319	3
V	376440	5
V	376554	5
V	376670	5
V	376789	5
V	376904	5
V	377025	4
V	377139	5
V	377253	5
V	377366	5
V	377481	5
V	377602	5
V	377723	4
V	377844	1
V	377957	1
V	378073	2
V	378194	1
V	378315	1
V	378430	2
V	378547	2
V	378659	4
V	378773	5
V	378894	4
V	379009	2
V	379125	5
V	379240	5
V	379361	4
V	379475	1
V	379592	1
V	379709	2
V	379831	1
V	379945	5
V	380066	2
V	380183	2
V	380302	4
V	380423	5
V	380544	5
V	380658	5
V	380772	2
V	380893	1
V	381010	5
V	381132	5
V	381253	5
V	381371	4
V	381486	2
V	381598	4
V	381711	4
V	381826	5
V	381947	1
V	382060	4
V	382179	1
V	382292	4
V	382406	2
V	382517	4
V	382638	4
V	382750	4
V	382871	5
V	382986	5
V	383096	5
V	383213	5
V	383330	5
V	383447	5
V	383563	5
V	383685	1
V	383789	5
V	383908	4
V	384029	2
V	384144	1
V	384262	3
V	384382	5
V	384503	4
V	384624	5
V	384739	4
V	384853	5
V	384968	4
V	385082	2
V	385198	5
V	385313	4
V	385432	3
V	385553	3
V	385674	4
V	385788	5
V	385903	5
V	386022	5
V	386138	5
V	386259	3
V	386376	5
V	386490	5
V	386603	5
V	386718	5
V	386839	5
V	386960	2
V	387083	1
V	387196	1
V	387312	2
V	387433	1
V	387548	1
V	387664	2
V	387781	2
V	387893	4
V	388010	5
V	388131	4
V	388245	2
V	388366	5
V	388481	2
V	388603	2
V	388725	1
V	388842	1
V	388959	2
V	389078	1
V	389192	5
V	389313	2
V	389430	2
V	389549	4
V	389670	5
V	389791	4
V	389907	5
V	390021	2
V	390142	1
V	390259	5
V	390381	5
V	390501	5
V	390619	5
V	390734	2
V	390846	4
V	390959	4
V	391074	5
V	391195	1
V	391308	4
V	391423	1
V	391536	4
V	391651	2
V	391762	4
V	391883	4
V	391999	5
V	392121	4
V	392237	5
V	392352	5
V	392469	5
V	392583	5
V	392700	5
V	392816	5
V	392938	1
V	393042	5
V	393161	4
V	393282	2
V	393397	4
V	393518	5
V	393639	5
V	393760	4
V	393881	4
V	393996	4
V	394110	5
V	394225	4
V	394340	2
V	394456	5
V	394571	4
V	394690	3
V	394811	3
V	394931	4
V	395045	4
V	395160	5
V	395279	4
V	395395	5
V	395516	4
V	395635	5
V	395749	5
V	395862	5
V	395977	5
V	396098	5
V	396215	2
V	396337	1
V	396450	1
V	396566	2
V	396687	1
V	396808	1
V	396923	2
V	397040	2
V	397152	4
V	397266	5
V	397387	5
V	397503	1
V	397622	5
V	397737	2
V	397859	4
V	397974	1
V	398091	1
V	398208	4
V	398329	1
V	398443	5
V	398564	2
V	398681	2
V	398800	4
V	398921	5
V	399042	4
V	399156	5
V	399270	2
V	399391	1
V	399508	5
V	399629	5
V	399746	5
V	399864	5
V	399977	2
V	400089	4
V	400202	4
V	400317	5
V	400438	1
V	400551	4
V	400665	1
V	400778	4
V	400895	2
V	401006	4
V	401127	4
V	401243	4
V	401364	4
V	401478	4
V	401593	5
V	401710	5
V	401825	5
V	401946	5
V	402062	5
V	402184	1
V	402288	5
V	402407	4
V	402528	2
V	402643	1
V	402761	3
V	402881	5
V	403002	4
V	403123	4
V	403236	4
V	403350	5
V	403465	5
V	403580	2
V	403696	5
V	403811	4
V	403930	3
V	404051	4
V	404172	5
V	404286	4
V	404399	5
V	404518	4
V	404633	5
V	404754	4
V	404873	5
V	404987	5
V	405100	5
V	405215	5
V	405336	5
V	405452	2
V	405577	1
V	405690	1
V	405806	2
V	405927	1
V	406048	1
V	406159	2
V	406276	2
V	406388	4
V	406502	5
V	406623	4
V	406740	2
V	406861	5
V	406976	2
V	407098	4
V	407220	1
V	407337	1
V	407454	2
V	407573	1
V	407687	5
V	407808	2
V	407925	2
V	408044	4
V	408165	5
V	408286	5
V	408402	5
V	408516	2
V	408637	1
V	408754	4
V	408874	5
V	408992	5
V	409110	4
V	409225	2
V	409337	4
V	409450	4
V	409565	5
V	409686	1
V	409799	4
V	409913	1
V	410026	4
V	410140	2
V	410251	4
V	410372	4
V	410486	5
V	410606	4
V	410721	5
V	410830	5
V	410947	5
V	411062	4
V	411183	5
V	411299	5
V	411421	1
V	411525	5
V	411644	4
V	411765	2
V	411880	4
V	411998	5
V	412119	5
V	412240	4
V	412361	5
V	412472	4
V	412586	5
V	412701	5
V	412814	2
V	412930	5
V	413045	4
V	413164	3
V	413285	3
V	413405	5
V	413520	5
V	413631	5
V	413750	4
V	413865	5
V	413986	4
V	414105	5
V	414219	5
V	414332	5
V	414447	5
V	414568	5
V	414687	2
V	414806	1
V	414919	1
V	415035	2
V	415156	1
V	415277	1
V	415388	2
V	415505	2
V	415617	4
V	415732	5
V	415853	4
V	415968	2
V	416087	5
V	416202	2
V	416324	5
V	416444	1
V	416561	1
V	416678	4
V	416799	1
V	416913	5
V	417034	2
V	417151	2
V	417270	4
V	417391	5
V	417512	5
V	417627	5
V	417741	2
V	417862	1
V	417979	5
V	418100	5
V	418218	5
V	418336	4
V	418450	2
V	418562	4
V	418675	4
V	418790	5
V	418911	1
V	419024	5
V	419140	1
V	419253	4
V	419367	2
V	419478	4
V	419599	4
V	419715	5
V	419835	5
V	419950	4
V	420065	5
V	420182	4
V	420297	5
V	420418	5
V	420534	5
V	420656	1
V	420760	5
V	420879	4
V	421000	2
V	421115	1
V	421232	3
V	421353	5
V	421474	4
V	421595	5
V	421711	4
V	421825	5
V	421940	4
V	422055	2
V	422171	5
V	422286	4
V	422405	3
V	422526	4
V	422647	5
V	422762	5
V	422878	5
V	422991	4
V	423110	5
V	423231	4
V	423350	5
V	423464	5
V	423577	5
V	423692	5
V	423813	5
V	423929	4
V	424051	1
V	424164	1
V	424280	2
V	424401	1
V	424522	1
V	424633	2
V	424750	2
V	424862	5
V	424977	5
V	425098	4
V	425212	2
V	425328	5
V	425443	2
V	425565	4
V	425679	1
V	425796	1
V	425913	2
V	426035	1
V	426149	5
V	426270	2
V	426387	2
V	426506	4
V	426627	5
V	426748	4
V	426863	5
V	426977	2
V	427098	1
V	427215	4
V	427335	5
V	427453	5
V	427571	5
V	427685	2
V	427797	4
V	427910	4
V	428025	5
V	428146	1
V	428259	4
V	428374	1
V	428487	4
V	428602	2
V	428713	4
V	428834	5
V	428949	5
V	429069	5
V	429182	4
V	429295	5
V	429412	5
V	429527	4
V	429648	5
V	429764	5
V	429886	1
V	429990	5
V	430109	4
V	430230	2
V	430345	4
V	430467	3
V	430588	5
V	430709	4
V	430830	5
V	430944	4
V	431058	5
V	431173	4
V	431287	2
V	431403	5
V	431518	4
V	431637	3
V	431758	3
V	431879	4
V	431994	5
V	432108	5
V	432225	4
V	432339	5
V	432460	4
V	432579	5
V	432693	5
V	432806	5
V	432921	5
V	433042	5
V	433161	4
V	433280	1
V	433393	1
V	433507	2
V	433628	1
V	433749	1
V	433860	2
V	433977	2
V	434089	4
V	434203	5
V	434324	4
V	434438	2
V	434549	5
V	434664	2
V	434786	4
V	434910	1
V	435027	1
V	435144	2
V	435266	1
V	435380	5
V	435501	2
V	435618	2
V	435737	4
V	435858	5
V	435979	5
V	436095	5
V	436209	2
V	436330	1
V	436447	5
V	436569	5
V	436687	5
V	436805	5
V	436920	2
V	437032	4
V	437145	4
V	437260	5
V	437381	1
V	437494	4
V	437610	1
V	437723	4
V	437838	2
V	437949	4
V	438070	4
V	438185	5
V	438305	4
V	438420	5
V	438532	5
V	438649	4
V	438763	5
V	438880	5
V	438996	5
V	439118	1
V	439222	5
V	439337	4
V	439458	2
V	439573	4
V	439695	3
V	439816	5
V	439937	4
V	440058	4
V	440174	4
V	440288	5
V	440403	5
V	440517	2
V	440633	5
V	440748	4
V	440867	3
V	440988	3
V	441109	4
V	441223	4
V	441339	5
V	441452	4
V	441567	5
V	441688	4
V	441807	5
V	441921	5
V	442034	5
V	442149	5
V	442270	5
V	442389	5
V	442509	1
V	442622	1
V	442736	2
V	442857	1
V	442978	1
V	443089	2
V	443206	2
V	443318	4
V	443433	5
V	443554	4
V	443669	2
V	443787	5
V	443902	2
V	444022	4
V	444146	1
V	444263	1
V	444380	2
V	444502	1
V	444616	5
V	444737	2
V	444854	2
V	444973	4
V	445094	5
V	445215	4
V	445333	5
V	445447	2
V	445568	1
V	445685	5
V	445807	5
V	445925	5
V	446043	5
V	446158	2
V	446270	4
V	446383	4
V	446498	5
V	446619	1
V	446732	4
V	446848	1
V	446961	5
V	447075	2
V	447186	4
V	447307	4
V	447421	5
V	447541	4
V	447655	4
V	447764	5
V	447881	4
V	447995	5
V	448112	5
V	448228	5
V	448350	1
V	448454	3
V	448570	4
V	448691	2
V	448806	4
V	448928	3
V	449049	5
V	449170	4
V	449291	4
V	449406	4
V	449520	5
V	449635	5
V	449750	2
V	449866	5
V	449981	4
V	450100	3
V	450221	3
V	450342	4
V	450458	4
V	450573	5
V	450690	4
V	450801	5
V	450922	4
V	451036	5
V	451150	5
V	451263	5
V	451378	5
V	451499	5
V	451616	2
V	451738	1
V	451851	1
V	451965	2
V	452086	1
V	452207	1
V	452318	2
V	452435	2
V	452547	4
V	452660	5
V	452781	4
V	452895	1
V	453015	5
V	453130	5
V	453251	4
V	453366	1
V	453483	1
V	453600	2
V	453722	1
V	453836	5
V	453957	2
V	454074	2
V	454193	4
V	454314	5
V	454435	5
V	454546	5
V	454660	2
V	454781	1
V	454898	5
V	455020	5
V	455138	5
V	455256	4
V	455372	2
V	455484	4
V	455597	4
V	455712	5
V	455833	1
V	455946	4
V	456061	1
V	456174	4
V	456289	2
V	456400	4
V	456521	4
V	456636	4
V	456757	5
V	456871	5
V	456984	5
V	457101	5
V	457215	5
V	457332	5
V	457448	5
V	457570	1
V	457674	5
V	457789	4
V	457910	2
V	458025	4
V	458147	3
V	458268	5
V	458389	4
V	458510	4
V	458624	4
V	458738	5
V	458853	5
V	458968	2
V	459084	5
V	459199	4
V	459318	3
V	459439	3
V	459560	5
V	459675	4
V	459789	5
V	459908	4
V	460024	5
V	460145	3
V	460262	5
V	460376	5
V	460489	5
V	460604	5
V	460725	5
V	460846	2
V	460967	1
V	461080	1
V	461194	2
V	461315	1
V	461430	1
V	461546	2
V	461663	2
V	461775	4
V	461889	5
V	462010	4
V	462124	1
V	462244	5
V	462359	2
V	462479	4
V	462594	1
V	462711	1
V	462828	2
V	462950	1
V	463064	5
V	463185	2
V	463302	2
V	463421	4
V	463542	5
V	463663	5
V	463779	5
V	463893	2
V	464014	1
V	464131	5
V	464253	5
V	464374	5
V	464492	4
V	464606	2
V	464718	4
V	464831	4
V	464946	5
V	465067	1
V	465180	4
V	465295	1
V	465408	4
V	465522	2
V	465633	4
V	465754	4
V	465868	5
V	465988	5
V	466103	5
V	466216	5
V	466333	4
V	466447	5
V	466564	5
V	466680	5
V	466802	1
V	466906	3
V	467034	3
V	467146	3
V	467272	3
V	467393	3
V	467507	3
V	467631	3
V	467754	3
V	467880	3
V	467999	3
V	468116	3
V	468241	3